post_id,user_id,post_type,post_text,visible,post_date,post_time
1,1,Message,Life is not about waiting for the storm to pass,0,2024-01-27,10:45
2,2,Story,Life is 10% what happens to us and 90% how we react to it.,0,2024-01-30,12:39
3,3,Story,Life is 10% what happens to us and 90% how we react to it.,0,2024-02-02,15:03
4,4,Story,Lorem ipsum dolor sit amet,1,2024-02-06,11:41
5,5,Message,Happiness is a choice,0,2024-01-20,13:53
6,6,Story,Success is not final,1,2024-01-28,6:08
7,7,Story,Believe you can and you're halfway there.,1,2024-02-01,8:53
8,8,Message,failure is not fatal: It is the courage to continue that counts.,0,2024-02-09,4:50
9,9,Message,stronger than you seem,0,2024-01-19,20:08
10,10,Message,In the end,0,2024-02-14,13:18
11,11,Story,stronger than you seem,0,2024-01-26,8:25
12,12,Story,The early bird catches the worm.,1,2024-01-07,4:29
13,13,Message,Life is a journey,0,2024-02-15,19:06
14,14,Story,Don't wait for the perfect moment,1,2024-01-08,9:24
15,15,Message,make it sweet.,0,2024-02-24,5:40
16,16,Story,Don't cry because it's over,1,2024-01-20,21:12
17,17,Message,Life is like a box of chocolates,0,2024-02-09,21:04
18,18,Story,Life is short,0,2024-02-11,18:48
19,19,Story,stronger than you seem,1,2024-02-17,13:34
20,20,Story,but in rising every time we fall.,0,2024-01-23,23:08
21,21,Story,Life is what happens when you're busy making other plans.,0,2024-01-26,18:06
22,22,Message,The only person you should try to be better than is the person you were yesterday.,1,2024-02-26,17:08
23,23,Message,I love to eat pizza with extra cheese.,0,2024-01-22,7:46
24,24,Message,In the end,0,2024-02-14,21:11
25,25,Story,we only regret the chances we didn't take.,1,2024-02-02,19:34
26,26,Message,The early bird catches the worm.,0,2024-01-08,6:25
27,27,Story,You miss 100% of the shots you don't take.,0,2024-01-30,16:25
28,28,Story,The greatest glory in living lies not in never falling,1,2024-02-19,15:17
29,29,Message,Every day may not be good,1,2024-01-16,5:26
30,30,Message,take the moment and make it perfect.,0,2024-01-05,9:01
31,31,Story,choose wisely.,1,2024-02-24,13:11
32,32,Message,The world is full of beauty and wonder.,0,2024-02-18,16:47
33,33,Story,Happiness is a choice,0,2024-02-19,4:43
34,34,Message,stronger than you seem,1,2024-01-17,13:45
35,35,Story,choose wisely.,1,2024-02-10,15:31
36,36,Story,Life is tough,0,2024-01-11,18:43
37,37,Story,You miss 100% of the shots you don't take.,1,2024-02-12,12:27
38,38,Story,The only person you should try to be better than is the person you were yesterday.,1,2024-01-13,4:58
39,39,Message,Coding is fun and challenging at the same time.,1,2024-01-08,19:24
40,40,Message,Life is 10% what happens to us and 90% how we react to it.,0,2024-01-11,6:36
41,41,Message,Success is not final,0,2024-01-24,0:30
42,42,Message,Lorem ipsum dolor sit amet,1,2024-01-12,4:44
43,43,Message,The best time to plant a tree was 20 years ago. The second best time is now.,0,2024-02-19,8:29
44,44,Message,but in rising every time we fall.,1,2024-02-26,12:43
45,45,Story,The quick brown fox jumps over the lazy dog.,1,2024-02-08,7:42
46,46,Message,but in rising every time we fall.,0,2024-01-06,3:26
47,47,Story,not a destination.,1,2024-02-25,2:57
48,48,Story,The only way to do great work is to love what you do.,1,2024-01-02,19:09
49,49,Message,Life is like a box of chocolates,0,2024-01-09,1:12
50,50,Story,Believe you can and you're halfway there.,1,2024-01-09,20:06
51,51,Message,You are never too old to set another goal or to dream a new dream.,1,2024-02-22,13:03
52,52,Story,smile because it happened.,0,2024-01-29,20:00
53,53,Story,everyone else is already taken.,1,2024-02-02,20:55
54,54,Story,Life is tough,0,2024-01-11,13:29
55,55,Message,everyone else is already taken.,0,2024-01-04,7:23
56,56,Message,Lorem ipsum dolor sit amet,0,2024-01-09,19:23
57,57,Story,You are never too old to set another goal or to dream a new dream.,0,2024-02-14,22:42
58,58,Message,The only thing standing between you and your goal is the story you keep telling yourself as to why you can't achieve it.,1,2024-02-09,21:58
59,59,Story,smile because it happened.,1,2024-01-12,7:41
60,60,Story,The sky is blue and the sun is shining.,0,2024-02-21,18:19
61,61,Story,The greatest glory in living lies not in never falling,0,2024-01-03,6:05
62,62,Message,we only regret the chances we didn't take.,1,2024-01-12,6:07
63,63,Story,Success is walking from failure to failure with no loss of enthusiasm.,0,2024-02-09,5:39
64,64,Story,Every day may not be good,1,2024-01-29,16:50
65,65,Message,but there's something good in every day.,0,2024-01-22,15:54
66,66,Message,but so are you.,0,2024-01-26,18:41
67,67,Message,Life is not about waiting for the storm to pass,1,2024-01-27,20:34
68,68,Message,In the end,0,2024-01-24,21:07
69,69,Story,The only thing standing between you and your goal is the story you keep telling yourself as to why you can't achieve it.,0,2024-01-10,5:19
70,70,Message,The sky is blue and the sun is shining.,0,2024-01-01,4:16
71,71,Message,Lorem ipsum dolor sit amet,0,2024-02-02,0:41
72,72,Story,The only way to achieve the impossible is to believe it is possible.,1,2024-01-28,5:32
73,73,Story,The world is full of beauty and wonder.,1,2024-02-20,5:14
74,74,Message,The best way to predict the future is to create it.,1,2024-02-07,7:23
75,75,Story,Dream big and work hard to make it happen.,0,2024-01-30,12:52
76,76,Story,The best time to plant a tree was 20 years ago. The second best time is now.,0,2024-01-23,8:11
77,77,Story,The early bird catches the worm.,0,2024-02-20,21:00
78,78,Message,In the end,0,2024-01-28,13:06
79,79,Story,Dream big and work hard to make it happen.,1,2024-02-02,10:41
80,80,Message,consectetur adipiscing elit.,1,2024-02-07,15:37
81,81,Story,Success is walking from failure to failure with no loss of enthusiasm.,0,2024-02-26,7:07
82,82,Message,Happiness is a choice,0,2024-02-13,2:57
83,83,Story,In the end,0,2024-02-13,0:16
84,84,Story,Life is a journey,0,2024-02-13,7:59
85,85,Message,The greatest glory in living lies not in never falling,1,2024-01-02,19:24
86,86,Story,The only way to do great work is to love what you do.,1,2024-01-28,12:03
87,87,Story,Success is walking from failure to failure with no loss of enthusiasm.,0,2024-01-31,16:09
88,88,Message,Life is not about waiting for the storm to pass,0,2024-01-11,3:53
89,89,Message,Life is like a box of chocolates,1,2024-02-08,15:53
90,90,Story,The only limit to our realization of tomorrow will be our doubts of today.,0,2024-01-21,1:40
91,91,Message,Life is a journey,1,2024-02-10,5:46
92,92,Message,Every day may not be good,0,2024-02-13,2:21
93,93,Story,The only thing standing between you and your goal is the story you keep telling yourself as to why you can't achieve it.,0,2024-01-28,0:08
94,94,Message,The future belongs to those who believe in the beauty of their dreams.,1,2024-01-19,3:24
95,95,Story,but learning to dance in the rain.,0,2024-01-30,18:40
96,96,Story,You are braver than you believe,1,2024-01-04,5:33
97,97,Story,Life is like a box of chocolates,1,2024-01-31,6:48
98,98,Story,The best time to plant a tree was 20 years ago. The second best time is now.,0,2024-01-06,9:11
99,99,Message,The only way to achieve the impossible is to believe it is possible.,0,2024-02-07,7:33
100,100,Story,The only way to achieve the impossible is to believe it is possible.,0,2024-02-18,6:40
101,101,Message,Life is not about waiting for the storm to pass,1,2024-01-29,17:51
102,102,Message,Actions speak louder than words.,1,2024-01-21,4:56
103,103,Message,take the moment and make it perfect.,0,2024-01-12,8:02
104,104,Story,but there's something good in every day.,0,2024-01-20,6:14
105,105,Message,make it sweet.,1,2024-01-29,9:15
106,106,Message,The only way to achieve the impossible is to believe it is possible.,1,2024-02-04,6:14
107,107,Story,The only thing standing between you and your goal is the story you keep telling yourself as to why you can't achieve it.,0,2024-02-07,3:00
108,108,Story,The future belongs to those who believe in the beauty of their dreams.,0,2024-02-26,2:57
109,109,Message,In the end,0,2024-02-03,17:42
110,110,Story,everyone else is already taken.,0,2024-02-10,6:50
111,111,Story,failure is not fatal: It is the courage to continue that counts.,0,2024-01-31,8:38
112,112,Story,Life is short,1,2024-01-25,2:33
113,113,Message,Success is not final,1,2024-02-12,7:01
114,114,Message,not a destination.,0,2024-02-03,7:59
115,115,Message,failure is not fatal: It is the courage to continue that counts.,1,2024-01-11,11:19
116,116,Message,Success is not final,1,2024-02-12,22:57
117,117,Story,Lorem ipsum dolor sit amet,1,2024-02-26,8:11
118,118,Message,You are never too old to set another goal or to dream a new dream.,1,2024-01-10,0:26
119,119,Story,take the moment and make it perfect.,1,2024-02-20,10:23
120,120,Message,Don't cry because it's over,1,2024-02-04,0:47
121,121,Message,Don't cry because it's over,1,2024-02-17,21:49
122,122,Message,I love to eat pizza with extra cheese.,0,2024-02-15,22:14
123,123,Story,The early bird catches the worm.,0,2024-01-25,5:35
124,124,Story,Don't cry because it's over,0,2024-01-11,4:37
125,125,Message,Life is what happens when you're busy making other plans.,0,2024-01-31,3:22
126,126,Story,stronger than you seem,1,2024-01-10,23:08
127,127,Message,The only way to do great work is to love what you do.,0,2024-02-08,3:18
128,128,Story,Lorem ipsum dolor sit amet,0,2024-02-13,20:05
129,129,Story,make it sweet.,1,2024-01-31,17:17
130,130,Message,In the end,0,2024-01-12,5:26
131,131,Story,Life is what happens when you're busy making other plans.,1,2024-02-02,19:08
132,132,Message,Don't cry because it's over,1,2024-01-15,21:43
133,133,Story,The future belongs to those who believe in the beauty of their dreams.,1,2024-02-18,20:22
134,134,Story,stronger than you seem,0,2024-02-12,14:50
135,135,Story,and smarter than you think.,1,2024-02-14,6:41
136,136,Message,consectetur adipiscing elit.,1,2024-01-05,4:33
137,137,Story,but so are you.,0,2024-02-14,6:28
138,138,Message,The early bird catches the worm.,1,2024-01-31,17:16
139,139,Message,Life is not about waiting for the storm to pass,0,2024-01-22,12:53
140,140,Story,Don't wait for the perfect moment,1,2024-01-30,7:38
141,141,Message,Life is a journey,1,2024-02-19,19:49
142,142,Story,The greatest glory in living lies not in never falling,0,2024-01-25,21:23
143,143,Story,The future belongs to those who believe in the beauty of their dreams.,0,2024-01-10,11:11
144,144,Message,The future belongs to those who believe in the beauty of their dreams.,1,2024-02-15,5:33
145,145,Story,The only way to achieve the impossible is to believe it is possible.,0,2024-02-17,2:15
146,146,Story,but learning to dance in the rain.,1,2024-01-25,23:26
147,147,Message,Life is what happens when you're busy making other plans.,0,2024-02-08,23:11
148,148,Message,The only thing standing between you and your goal is the story you keep telling yourself as to why you can't achieve it.,0,2024-01-10,22:28
149,149,Story,You are never too old to set another goal or to dream a new dream.,1,2024-02-15,19:11
150,150,Message,Success is not final,1,2024-02-10,21:11
151,151,Story,stronger than you seem,0,2024-01-30,12:56
152,152,Story,Don't be pushed around by the fears in your mind. Be led by the dreams in your heart.,1,2024-01-25,22:24
153,153,Story,The only way to do great work is to love what you do.,0,2024-01-22,8:49
154,154,Story,The future belongs to those who believe in the beauty of their dreams.,1,2024-02-14,16:38
155,155,Story,You are never too old to set another goal or to dream a new dream.,0,2024-01-23,5:45
156,156,Story,The best way to predict the future is to create it.,0,2024-02-26,19:50
157,157,Story,The only thing standing between you and your goal is the story you keep telling yourself as to why you can't achieve it.,0,2024-01-22,6:19
158,158,Story,but there's something good in every day.,0,2024-02-26,13:43
159,159,Message,stronger than you seem,1,2024-02-20,12:23
160,160,Message,Happiness is a choice,1,2024-01-15,10:19
161,161,Story,Life is a journey,0,2024-01-29,0:33
162,162,Message,The only way to achieve the impossible is to believe it is possible.,1,2024-01-25,19:40
163,163,Message,Actions speak louder than words.,0,2024-02-26,22:32
164,164,Story,take the moment and make it perfect.,1,2024-01-12,2:49
165,165,Message,Don't wait for the perfect moment,0,2024-01-05,7:18
166,166,Story,Believe you can and you're halfway there.,0,2024-01-26,14:11
167,167,Story,take the moment and make it perfect.,1,2024-02-04,10:57
168,168,Message,but learning to dance in the rain.,1,2024-01-08,0:33
169,169,Story,The world is full of beauty and wonder.,1,2024-01-15,12:40
170,170,Story,The only way to achieve the impossible is to believe it is possible.,0,2024-01-13,6:03
171,171,Message,Don't be pushed around by the fears in your mind. Be led by the dreams in your heart.,0,2024-01-08,0:27
172,172,Message,The only thing standing between you and your goal is the story you keep telling yourself as to why you can't achieve it.,0,2024-02-04,1:46
173,173,Story,In the end,0,2024-02-10,23:20
174,174,Story,not a destination.,1,2024-01-26,23:43
175,175,Message,Coding is fun and challenging at the same time.,1,2024-01-11,15:57
176,176,Story,smile because it happened.,1,2024-02-05,13:25
177,177,Message,stronger than you seem,1,2024-02-19,3:46
178,178,Story,you never know what you're gonna get.,1,2024-01-13,22:07
179,179,Message,but there's something good in every day.,0,2024-02-19,15:18
180,180,Message,The sky is blue and the sun is shining.,0,2024-02-22,12:29
181,181,Message,consectetur adipiscing elit.,0,2024-01-10,10:37
182,182,Story,everyone else is already taken.,1,2024-01-16,1:41
183,183,Message,Success is walking from failure to failure with no loss of enthusiasm.,1,2024-02-16,7:09
184,184,Message,You miss 100% of the shots you don't take.,0,2024-02-26,9:48
185,185,Message,Actions speak louder than words.,1,2024-02-06,23:45
186,186,Message,take the moment and make it perfect.,0,2024-01-31,6:26
187,187,Story,you never know what you're gonna get.,1,2024-02-17,9:24
188,188,Story,I love to eat pizza with extra cheese.,0,2024-02-02,23:44
189,189,Message,Don't be pushed around by the fears in your mind. Be led by the dreams in your heart.,0,2024-02-08,21:25
190,190,Message,The only person you should try to be better than is the person you were yesterday.,0,2024-02-08,8:19
191,191,Story,Dream big and work hard to make it happen.,1,2024-02-08,10:44
192,192,Story,Life is not about waiting for the storm to pass,0,2024-02-19,8:57
193,193,Story,everyone else is already taken.,0,2024-02-05,20:44
194,194,Story,I love to eat pizza with extra cheese.,0,2024-02-03,7:45
195,195,Story,Life is 10% what happens to us and 90% how we react to it.,1,2024-01-20,1:07
196,196,Story,choose wisely.,1,2024-01-26,2:58
197,197,Message,Life is short,0,2024-01-14,9:00
198,198,Story,Happiness is a choice,1,2024-01-18,10:43
199,199,Story,Don't cry because it's over,0,2024-01-21,10:16
200,200,Story,not a destination.,1,2024-01-17,0:18
201,201,Message,You are never too old to set another goal or to dream a new dream.,0,2024-01-18,8:24
202,202,Message,The only way to do great work is to love what you do.,0,2024-01-31,20:43
203,203,Story,Life is like a box of chocolates,1,2024-01-14,20:07
204,204,Story,Success is not final,1,2024-01-27,13:03
205,205,Message,consectetur adipiscing elit.,0,2024-02-27,17:58
206,206,Story,I love to eat pizza with extra cheese.,1,2024-02-17,6:00
207,207,Message,Be yourself,1,2024-01-22,18:48
208,208,Story,Lorem ipsum dolor sit amet,1,2024-02-05,21:00
209,209,Message,consectetur adipiscing elit.,1,2024-01-10,13:44
210,210,Message,but there's something good in every day.,0,2024-02-21,6:50
211,211,Message,The only person you should try to be better than is the person you were yesterday.,0,2024-01-19,2:50
212,212,Story,The quick brown fox jumps over the lazy dog.,0,2024-01-20,9:00
213,213,Message,you never know what you're gonna get.,1,2024-02-05,11:10
214,214,Message,The only way to do great work is to love what you do.,0,2024-01-15,7:17
215,215,Message,The world is full of beauty and wonder.,1,2024-02-12,0:25
216,216,Story,The best way to predict the future is to create it.,0,2024-02-24,20:34
217,217,Story,but in rising every time we fall.,0,2024-01-03,1:18
218,218,Message,The only limit to our realization of tomorrow will be our doubts of today.,0,2024-02-26,12:18
219,219,Story,You miss 100% of the shots you don't take.,1,2024-01-13,6:21
220,220,Message,Success is walking from failure to failure with no loss of enthusiasm.,1,2024-02-19,3:04
221,221,Story,In the end,0,2024-01-31,21:38
222,222,Story,You miss 100% of the shots you don't take.,0,2024-01-19,23:14
223,223,Story,and smarter than you think.,1,2024-01-26,17:28
224,224,Story,The world is full of beauty and wonder.,1,2024-01-18,1:36
225,225,Story,I love to eat pizza with extra cheese.,1,2024-01-13,12:32
226,226,Story,Life is what happens when you're busy making other plans.,0,2024-01-15,9:47
227,227,Story,failure is not fatal: It is the courage to continue that counts.,1,2024-01-30,16:28
228,228,Story,Life is short,1,2024-02-01,0:08
229,229,Story,Life is tough,0,2024-01-27,13:29
230,230,Story,stronger than you seem,1,2024-02-20,15:08
231,231,Message,The only thing standing between you and your goal is the story you keep telling yourself as to why you can't achieve it.,0,2024-02-06,17:22
232,232,Story,Happiness is a choice,0,2024-01-02,10:14
233,233,Message,choose wisely.,1,2024-01-14,11:39
234,234,Message,Success is not final,0,2024-01-09,17:12
235,235,Message,Success is not final,0,2024-02-25,9:50
236,236,Message,Be yourself,1,2024-02-26,15:11
237,237,Message,but in rising every time we fall.,1,2024-01-17,16:20
238,238,Message,Success is not final,1,2024-01-12,16:22
239,239,Message,but learning to dance in the rain.,0,2024-01-04,18:10
240,240,Story,Actions speak louder than words.,0,2024-01-30,0:52
241,241,Story,You are braver than you believe,1,2024-01-13,16:30
242,242,Story,Life is like a box of chocolates,0,2024-02-06,15:50
243,243,Story,Actions speak louder than words.,1,2024-01-28,2:23
244,244,Message,and smarter than you think.,1,2024-01-24,3:45
245,245,Story,Happiness is a choice,1,2024-02-06,16:03
246,246,Message,The only thing standing between you and your goal is the story you keep telling yourself as to why you can't achieve it.,0,2024-02-17,20:10
247,247,Story,The greatest glory in living lies not in never falling,1,2024-01-16,0:03
248,248,Story,stronger than you seem,1,2024-01-26,12:29
249,249,Story,choose wisely.,1,2024-02-03,17:00
250,250,Story,Success is walking from failure to failure with no loss of enthusiasm.,0,2024-02-10,9:20
251,251,Message,Don't be pushed around by the fears in your mind. Be led by the dreams in your heart.,1,2024-02-14,9:30
252,252,Message,The only thing standing between you and your goal is the story you keep telling yourself as to why you can't achieve it.,1,2024-02-18,10:47
253,253,Story,Life is not about waiting for the storm to pass,0,2024-01-19,22:45
254,254,Message,but there's something good in every day.,0,2024-01-16,15:20
255,255,Message,Success is not final,1,2024-02-26,12:25
256,256,Story,Lorem ipsum dolor sit amet,0,2024-02-27,22:47
257,257,Story,The sky is blue and the sun is shining.,0,2024-02-07,6:11
258,258,Story,you never know what you're gonna get.,1,2024-01-12,17:23
259,259,Message,The sky is blue and the sun is shining.,1,2024-02-15,10:42
260,260,Message,The only thing standing between you and your goal is the story you keep telling yourself as to why you can't achieve it.,0,2024-01-06,9:49
261,261,Message,Life is what happens when you're busy making other plans.,0,2024-01-04,10:15
262,262,Message,The greatest glory in living lies not in never falling,0,2024-01-15,19:18
263,263,Message,Life is short,0,2024-01-31,7:41
264,264,Story,Dream big and work hard to make it happen.,0,2024-01-29,10:40
265,265,Story,Lorem ipsum dolor sit amet,0,2024-02-09,16:14
266,266,Message,The future belongs to those who believe in the beauty of their dreams.,0,2024-01-11,0:10
267,267,Story,Dream big and work hard to make it happen.,0,2024-02-15,9:50
268,268,Message,In the end,0,2024-01-20,16:15
269,269,Story,Success is walking from failure to failure with no loss of enthusiasm.,1,2024-02-20,15:44
270,270,Story,In the end,1,2024-01-26,4:17
271,271,Story,make it sweet.,0,2024-01-26,3:00
272,272,Story,The only thing standing between you and your goal is the story you keep telling yourself as to why you can't achieve it.,1,2024-02-15,11:08
273,273,Story,but in rising every time we fall.,1,2024-01-20,11:15
274,274,Story,The only thing standing between you and your goal is the story you keep telling yourself as to why you can't achieve it.,1,2024-01-22,12:34
275,275,Story,The only way to achieve the impossible is to believe it is possible.,0,2024-02-23,18:22
276,276,Message,Success is not final,0,2024-02-17,4:11
277,277,Message,Actions speak louder than words.,0,2024-01-01,20:51
278,278,Story,Every day may not be good,1,2024-02-12,16:10
279,279,Message,Don't wait for the perfect moment,1,2024-02-13,22:05
280,280,Story,Don't wait for the perfect moment,1,2024-01-30,8:10
281,281,Message,but there's something good in every day.,1,2024-02-25,21:05
282,282,Story,Life is short,1,2024-01-06,9:12
283,283,Story,smile because it happened.,1,2024-01-02,3:59
284,284,Message,Life is 10% what happens to us and 90% how we react to it.,1,2024-01-28,19:50
285,285,Story,You miss 100% of the shots you don't take.,0,2024-02-02,2:53
286,286,Message,Every day may not be good,1,2024-01-21,19:10
287,287,Message,Life is 10% what happens to us and 90% how we react to it.,1,2024-01-08,21:33
288,288,Story,The sky is blue and the sun is shining.,0,2024-01-01,11:34
289,289,Story,The only thing standing between you and your goal is the story you keep telling yourself as to why you can't achieve it.,1,2024-01-10,22:58
290,290,Story,The quick brown fox jumps over the lazy dog.,1,2024-02-03,21:06
291,291,Story,but so are you.,0,2024-01-04,20:29
292,292,Story,take the moment and make it perfect.,0,2024-02-14,7:07
293,293,Message,Success is walking from failure to failure with no loss of enthusiasm.,0,2024-01-09,21:49
294,294,Story,but in rising every time we fall.,1,2024-01-05,18:09
295,295,Message,The greatest glory in living lies not in never falling,0,2024-01-19,5:51
296,296,Story,You are never too old to set another goal or to dream a new dream.,1,2024-02-04,9:57
297,297,Story,Life is like a box of chocolates,0,2024-02-06,6:54
298,298,Message,Don't cry because it's over,0,2024-02-20,2:07
299,299,Story,Success is not final,0,2024-02-02,23:58
300,300,Story,In the end,0,2024-01-17,8:13
301,301,Message,consectetur adipiscing elit.,0,2024-02-01,0:42
302,302,Story,Coding is fun and challenging at the same time.,1,2024-02-08,18:12
303,303,Story,everyone else is already taken.,0,2024-01-27,20:33
304,304,Message,everyone else is already taken.,0,2024-02-27,5:11
305,305,Story,Don't cry because it's over,0,2024-01-09,3:28
306,306,Story,Life is what happens when you're busy making other plans.,0,2024-02-06,19:36
307,307,Message,and smarter than you think.,0,2024-01-27,9:36
308,308,Story,The quick brown fox jumps over the lazy dog.,0,2024-02-01,10:06
309,309,Message,Success is not final,0,2024-01-09,7:20
310,310,Message,Success is walking from failure to failure with no loss of enthusiasm.,0,2024-02-06,16:47
311,311,Message,take the moment and make it perfect.,1,2024-01-29,6:56
312,312,Message,choose wisely.,1,2024-02-25,1:06
313,313,Story,choose wisely.,0,2024-01-05,22:05
314,314,Story,Success is walking from failure to failure with no loss of enthusiasm.,0,2024-01-16,22:26
315,315,Story,The sky is blue and the sun is shining.,1,2024-02-06,13:24
316,316,Message,Coding is fun and challenging at the same time.,1,2024-02-17,8:43
317,317,Message,and smarter than you think.,1,2024-02-11,9:48
318,318,Message,The only way to achieve the impossible is to believe it is possible.,0,2024-01-31,21:01
319,319,Message,Happiness is a choice,1,2024-01-31,18:05
320,320,Story,I love to eat pizza with extra cheese.,1,2024-01-18,15:49
321,321,Story,The greatest glory in living lies not in never falling,0,2024-02-12,14:01
322,322,Story,You are braver than you believe,1,2024-02-02,18:59
323,323,Message,The only way to do great work is to love what you do.,1,2024-02-02,6:28
324,324,Message,The only limit to our realization of tomorrow will be our doubts of today.,1,2024-02-12,11:56
325,325,Story,failure is not fatal: It is the courage to continue that counts.,1,2024-02-04,3:46
326,326,Message,Be yourself,0,2024-02-12,18:59
327,327,Story,Life is 10% what happens to us and 90% how we react to it.,1,2024-02-09,21:59
328,328,Story,stronger than you seem,0,2024-01-05,10:23
329,329,Message,everyone else is already taken.,0,2024-01-18,13:33
330,330,Story,everyone else is already taken.,1,2024-01-25,16:06
331,331,Message,The early bird catches the worm.,1,2024-01-13,3:47
332,332,Message,Success is walking from failure to failure with no loss of enthusiasm.,1,2024-02-04,16:41
333,333,Message,Life is a journey,0,2024-02-03,18:17
334,334,Message,You are braver than you believe,0,2024-02-04,12:05
335,335,Story,and smarter than you think.,1,2024-01-07,16:03
336,336,Message,Life is like a box of chocolates,1,2024-01-17,11:25
337,337,Story,Dream big and work hard to make it happen.,1,2024-01-09,13:34
338,338,Message,Lorem ipsum dolor sit amet,0,2024-02-09,9:10
339,339,Story,Believe you can and you're halfway there.,0,2024-02-03,6:33
340,340,Story,Life is not about waiting for the storm to pass,0,2024-01-23,4:00
341,341,Story,Life is 10% what happens to us and 90% how we react to it.,0,2024-01-04,3:10
342,342,Story,The future belongs to those who believe in the beauty of their dreams.,0,2024-02-23,10:37
343,343,Story,make it sweet.,0,2024-01-17,21:30
344,344,Message,You miss 100% of the shots you don't take.,1,2024-01-30,14:17
345,345,Story,choose wisely.,1,2024-02-15,18:19
346,346,Story,Happiness is a choice,1,2024-01-28,11:16
347,347,Story,stronger than you seem,1,2024-01-30,12:33
348,348,Story,The only thing standing between you and your goal is the story you keep telling yourself as to why you can't achieve it.,1,2024-01-12,14:49
349,349,Story,Actions speak louder than words.,0,2024-01-09,23:15
350,350,Message,The quick brown fox jumps over the lazy dog.,1,2024-02-05,12:29
351,351,Story,you never know what you're gonna get.,1,2024-02-20,11:44
352,352,Story,you never know what you're gonna get.,1,2024-02-17,16:03
353,353,Story,Believe you can and you're halfway there.,1,2024-02-07,5:56
354,354,Message,Don't cry because it's over,1,2024-01-19,11:07
355,355,Story,The only person you should try to be better than is the person you were yesterday.,0,2024-02-07,6:52
356,356,Story,you never know what you're gonna get.,1,2024-02-16,0:08
357,357,Story,consectetur adipiscing elit.,0,2024-01-24,22:56
358,358,Story,The greatest glory in living lies not in never falling,1,2024-01-12,15:36
359,359,Message,The only limit to our realization of tomorrow will be our doubts of today.,1,2024-01-15,20:16
360,360,Message,The best way to predict the future is to create it.,1,2024-01-05,14:08
361,361,Message,The quick brown fox jumps over the lazy dog.,1,2024-01-29,11:46
362,362,Message,You miss 100% of the shots you don't take.,1,2024-01-25,7:48
363,363,Message,The world is full of beauty and wonder.,1,2024-01-26,14:49
364,364,Story,Don't be pushed around by the fears in your mind. Be led by the dreams in your heart.,0,2024-02-01,22:43
365,365,Message,Lorem ipsum dolor sit amet,1,2024-01-28,8:45
366,366,Message,Life is 10% what happens to us and 90% how we react to it.,1,2024-01-03,13:37
367,367,Story,Dream big and work hard to make it happen.,0,2024-02-26,17:40
368,368,Message,The sky is blue and the sun is shining.,1,2024-02-24,3:26
369,369,Story,Happiness is a choice,0,2024-02-22,6:50
370,370,Story,The only way to do great work is to love what you do.,0,2024-01-26,3:04
371,371,Message,The only thing standing between you and your goal is the story you keep telling yourself as to why you can't achieve it.,1,2024-02-03,18:46
372,372,Message,You are never too old to set another goal or to dream a new dream.,0,2024-01-06,11:22
373,373,Message,take the moment and make it perfect.,0,2024-01-21,2:15
374,374,Message,smile because it happened.,0,2024-01-05,2:22
375,375,Story,Coding is fun and challenging at the same time.,1,2024-01-27,18:45
376,376,Story,everyone else is already taken.,1,2024-01-18,21:41
377,377,Story,The only person you should try to be better than is the person you were yesterday.,1,2024-02-13,18:18
378,378,Message,take the moment and make it perfect.,1,2024-01-29,15:33
379,379,Story,take the moment and make it perfect.,1,2024-01-27,8:41
380,380,Message,The world is full of beauty and wonder.,1,2024-01-30,18:03
381,381,Story,You miss 100% of the shots you don't take.,0,2024-01-13,2:43
382,382,Story,Life is what happens when you're busy making other plans.,1,2024-02-25,6:51
383,383,Story,Lorem ipsum dolor sit amet,1,2024-01-03,10:21
384,384,Message,You miss 100% of the shots you don't take.,1,2024-02-08,21:57
385,385,Story,Success is walking from failure to failure with no loss of enthusiasm.,1,2024-01-18,6:49
386,386,Story,Dream big and work hard to make it happen.,0,2024-02-23,21:33
387,387,Message,Life is short,1,2024-01-11,11:53
388,388,Story,and smarter than you think.,0,2024-02-03,11:34
389,389,Message,Happiness is a choice,0,2024-01-01,15:32
390,390,Story,The best time to plant a tree was 20 years ago. The second best time is now.,0,2024-01-21,12:38
391,391,Story,but so are you.,0,2024-02-27,1:55
392,392,Story,Success is not final,1,2024-01-22,5:17
393,393,Message,Success is walking from failure to failure with no loss of enthusiasm.,0,2024-01-31,17:54
394,394,Message,In the end,1,2024-02-22,20:38
395,395,Message,but learning to dance in the rain.,0,2024-01-16,4:38
396,396,Message,The sky is blue and the sun is shining.,1,2024-02-16,15:57
397,397,Story,smile because it happened.,1,2024-01-16,20:43
398,398,Story,Life is 10% what happens to us and 90% how we react to it.,0,2024-02-20,0:34
399,399,Story,The best way to predict the future is to create it.,1,2024-01-29,10:19
400,400,Message,The only way to achieve the impossible is to believe it is possible.,0,2024-01-23,17:55
401,401,Story,but so are you.,0,2024-02-27,0:48
402,402,Message,Success is walking from failure to failure with no loss of enthusiasm.,0,2024-01-21,3:55
403,403,Story,The only way to achieve the impossible is to believe it is possible.,1,2024-02-07,20:21
404,404,Message,Be yourself,1,2024-02-08,21:22
405,405,Message,Believe you can and you're halfway there.,1,2024-02-21,6:40
406,406,Message,The early bird catches the worm.,0,2024-01-27,7:18
407,407,Story,and smarter than you think.,0,2024-01-12,14:15
408,408,Message,Lorem ipsum dolor sit amet,0,2024-01-10,1:14
409,409,Story,Happiness is a choice,0,2024-01-19,14:02
410,410,Story,Dream big and work hard to make it happen.,0,2024-02-17,1:28
411,411,Story,failure is not fatal: It is the courage to continue that counts.,0,2024-01-02,9:06
412,412,Story,stronger than you seem,0,2024-02-22,20:40
413,413,Message,Believe you can and you're halfway there.,0,2024-01-05,17:11
414,414,Message,Life is not about waiting for the storm to pass,1,2024-01-21,17:47
415,415,Message,but learning to dance in the rain.,0,2024-01-21,23:53
416,416,Message,Don't cry because it's over,0,2024-01-07,13:39
417,417,Message,The best time to plant a tree was 20 years ago. The second best time is now.,0,2024-02-06,12:37
418,418,Message,Believe you can and you're halfway there.,0,2024-02-08,20:10
419,419,Story,Coding is fun and challenging at the same time.,1,2024-01-30,7:28
420,420,Story,Be yourself,0,2024-02-06,7:02
421,421,Message,The best way to predict the future is to create it.,1,2024-02-17,8:28
422,422,Story,but there's something good in every day.,0,2024-01-16,9:15
423,423,Message,The best way to predict the future is to create it.,0,2024-02-13,16:29
424,424,Message,Success is walking from failure to failure with no loss of enthusiasm.,1,2024-02-03,19:38
425,425,Message,Believe you can and you're halfway there.,0,2024-01-20,16:15
426,426,Message,The only way to achieve the impossible is to believe it is possible.,1,2024-02-04,17:28
427,427,Message,stronger than you seem,1,2024-02-09,22:14
428,428,Message,I love to eat pizza with extra cheese.,1,2024-01-12,0:44
429,429,Story,consectetur adipiscing elit.,1,2024-02-21,17:15
430,430,Story,everyone else is already taken.,1,2024-01-29,4:40
431,431,Story,The only limit to our realization of tomorrow will be our doubts of today.,0,2024-02-21,18:04
432,432,Message,you never know what you're gonna get.,0,2024-02-16,7:35
433,433,Story,Lorem ipsum dolor sit amet,0,2024-01-30,11:28
434,434,Message,and smarter than you think.,1,2024-01-14,12:02
435,435,Message,The only person you should try to be better than is the person you were yesterday.,0,2024-02-19,5:52
436,436,Story,Every day may not be good,0,2024-01-14,20:12
437,437,Message,but learning to dance in the rain.,0,2024-02-27,12:29
438,438,Message,Dream big and work hard to make it happen.,0,2024-02-14,13:37
439,439,Story,Life is not about waiting for the storm to pass,0,2024-01-13,5:00
440,440,Message,but there's something good in every day.,1,2024-01-30,9:42
441,441,Message,Don't cry because it's over,1,2024-02-18,2:42
442,442,Message,not a destination.,0,2024-02-11,19:28
443,443,Message,Coding is fun and challenging at the same time.,1,2024-01-17,15:19
444,444,Story,smile because it happened.,0,2024-02-26,8:30
445,445,Story,The only person you should try to be better than is the person you were yesterday.,0,2024-02-23,6:54
446,446,Message,The only limit to our realization of tomorrow will be our doubts of today.,1,2024-01-17,22:16
447,447,Story,You miss 100% of the shots you don't take.,1,2024-02-14,12:34
448,448,Message,Success is not final,1,2024-02-16,14:05
449,449,Message,The only thing standing between you and your goal is the story you keep telling yourself as to why you can't achieve it.,0,2024-02-04,16:05
450,450,Story,but in rising every time we fall.,0,2024-02-05,15:18
451,451,Message,The early bird catches the worm.,0,2024-02-06,21:19
452,452,Message,Life is tough,0,2024-02-07,19:00
453,453,Story,The world is full of beauty and wonder.,0,2024-02-23,14:06
454,454,Message,The greatest glory in living lies not in never falling,0,2024-01-09,6:50
455,455,Story,consectetur adipiscing elit.,0,2024-01-03,15:09
456,456,Story,take the moment and make it perfect.,0,2024-02-15,1:21
457,457,Story,Success is walking from failure to failure with no loss of enthusiasm.,1,2024-01-25,10:28
458,458,Story,Life is tough,1,2024-02-06,4:33
459,459,Message,The only thing standing between you and your goal is the story you keep telling yourself as to why you can't achieve it.,0,2024-01-26,1:24
460,460,Message,Dream big and work hard to make it happen.,0,2024-02-02,10:27
461,461,Story,failure is not fatal: It is the courage to continue that counts.,1,2024-02-13,11:58
462,462,Story,you never know what you're gonna get.,0,2024-02-08,20:55
463,463,Message,The early bird catches the worm.,0,2024-01-08,12:32
464,464,Message,but there's something good in every day.,0,2024-02-10,20:50
465,465,Story,Life is short,0,2024-01-12,21:14
466,466,Story,you never know what you're gonna get.,1,2024-02-07,10:14
467,467,Story,The best way to predict the future is to create it.,1,2024-02-02,0:15
468,468,Message,Be yourself,0,2024-01-27,22:15
469,469,Message,Happiness is a choice,0,2024-01-04,0:18
470,470,Story,Life is what happens when you're busy making other plans.,1,2024-02-06,21:19
471,471,Message,Life is short,0,2024-01-05,15:33
472,472,Story,make it sweet.,0,2024-01-23,18:39
473,473,Story,Every day may not be good,0,2024-01-04,2:09
474,474,Message,Dream big and work hard to make it happen.,0,2024-01-26,2:24
475,475,Message,Lorem ipsum dolor sit amet,0,2024-02-03,3:18
476,476,Story,The quick brown fox jumps over the lazy dog.,1,2024-02-02,4:02
477,477,Message,The only way to achieve the impossible is to believe it is possible.,1,2024-01-01,5:56
478,478,Message,The only way to do great work is to love what you do.,0,2024-01-02,23:35
479,479,Message,I love to eat pizza with extra cheese.,0,2024-02-26,2:43
480,480,Story,The only person you should try to be better than is the person you were yesterday.,0,2024-01-19,18:50
481,481,Message,You miss 100% of the shots you don't take.,1,2024-01-17,19:07
482,482,Story,The best way to predict the future is to create it.,0,2024-02-06,3:23
483,483,Story,You are never too old to set another goal or to dream a new dream.,0,2024-01-27,2:40
484,484,Message,everyone else is already taken.,0,2024-02-07,0:57
485,485,Story,we only regret the chances we didn't take.,0,2024-01-14,6:36
486,486,Story,Every day may not be good,1,2024-02-26,1:28
487,487,Message,everyone else is already taken.,1,2024-01-28,6:54
488,488,Message,Dream big and work hard to make it happen.,0,2024-01-22,5:29
489,489,Story,choose wisely.,1,2024-01-05,10:34
490,490,Story,but learning to dance in the rain.,1,2024-02-06,11:36
491,491,Story,not a destination.,1,2024-02-05,16:04
492,492,Message,Life is short,1,2024-01-20,5:49
493,493,Story,failure is not fatal: It is the courage to continue that counts.,1,2024-01-15,13:39
494,494,Message,Life is 10% what happens to us and 90% how we react to it.,0,2024-01-10,6:17
495,495,Story,Coding is fun and challenging at the same time.,0,2024-01-09,18:14
496,496,Message,Actions speak louder than words.,1,2024-01-09,13:50
497,497,Message,Dream big and work hard to make it happen.,0,2024-01-01,15:44
498,498,Message,make it sweet.,1,2024-02-09,5:34
499,499,Message,but so are you.,1,2024-02-12,2:46
500,500,Story,everyone else is already taken.,0,2024-02-02,11:48
501,501,Story,Success is not final,1,2024-01-03,5:26
502,502,Story,The early bird catches the worm.,1,2024-02-18,6:19
503,503,Message,The world is full of beauty and wonder.,1,2024-01-11,1:46
504,504,Message,but in rising every time we fall.,1,2024-01-05,20:23
505,505,Story,take the moment and make it perfect.,0,2024-02-21,12:37
506,506,Message,Don't be pushed around by the fears in your mind. Be led by the dreams in your heart.,0,2024-01-14,23:54
507,507,Message,smile because it happened.,0,2024-02-27,23:22
508,508,Message,Actions speak louder than words.,0,2024-01-04,7:53
509,509,Message,Life is like a box of chocolates,0,2024-01-16,3:24
510,510,Message,Success is walking from failure to failure with no loss of enthusiasm.,0,2024-02-25,4:55
511,511,Story,The only person you should try to be better than is the person you were yesterday.,1,2024-01-09,18:13
512,512,Story,The only way to do great work is to love what you do.,1,2024-02-09,15:38
513,513,Story,The best time to plant a tree was 20 years ago. The second best time is now.,1,2024-02-25,21:19
514,514,Message,not a destination.,0,2024-01-06,8:54
515,515,Story,The sky is blue and the sun is shining.,0,2024-01-07,8:00
516,516,Message,not a destination.,0,2024-01-05,13:35
517,517,Message,The best time to plant a tree was 20 years ago. The second best time is now.,0,2024-02-08,7:42
518,518,Story,I love to eat pizza with extra cheese.,1,2024-02-25,18:51
519,519,Story,The only way to do great work is to love what you do.,1,2024-02-20,20:40
520,520,Message,and smarter than you think.,1,2024-01-04,11:24
521,521,Story,failure is not fatal: It is the courage to continue that counts.,1,2024-02-08,22:43
522,522,Message,everyone else is already taken.,1,2024-02-25,11:04
523,523,Message,Life is 10% what happens to us and 90% how we react to it.,0,2024-01-05,8:34
524,524,Story,The best time to plant a tree was 20 years ago. The second best time is now.,0,2024-01-02,7:57
525,525,Message,Life is 10% what happens to us and 90% how we react to it.,1,2024-02-01,22:59
526,526,Message,but in rising every time we fall.,0,2024-02-03,3:41
527,527,Message,but in rising every time we fall.,1,2024-01-26,0:48
528,528,Message,The only person you should try to be better than is the person you were yesterday.,0,2024-02-13,23:25
529,529,Story,Every day may not be good,0,2024-01-23,23:25
530,530,Story,The only limit to our realization of tomorrow will be our doubts of today.,0,2024-02-01,13:26
531,531,Message,make it sweet.,1,2024-01-09,6:54
532,532,Story,Believe you can and you're halfway there.,0,2024-01-18,23:42
533,533,Message,Don't wait for the perfect moment,1,2024-02-21,16:09
534,534,Message,consectetur adipiscing elit.,0,2024-02-06,20:27
535,535,Story,The early bird catches the worm.,1,2024-02-04,17:48
536,536,Message,take the moment and make it perfect.,1,2024-01-16,9:01
537,537,Story,but there's something good in every day.,0,2024-01-29,14:53
538,538,Story,The only thing standing between you and your goal is the story you keep telling yourself as to why you can't achieve it.,0,2024-01-17,0:50
539,539,Message,Don't cry because it's over,0,2024-01-23,22:59
540,540,Story,The best way to predict the future is to create it.,0,2024-01-20,0:26
541,541,Message,consectetur adipiscing elit.,0,2024-02-19,18:51
542,542,Story,stronger than you seem,1,2024-01-26,19:50
543,543,Message,Believe you can and you're halfway there.,1,2024-02-24,22:32
544,544,Message,Life is a journey,0,2024-02-08,18:01
545,545,Story,Dream big and work hard to make it happen.,1,2024-02-24,16:43
546,546,Message,you never know what you're gonna get.,1,2024-01-08,22:48
547,547,Story,but there's something good in every day.,1,2024-01-14,3:43
548,548,Message,but in rising every time we fall.,1,2024-01-07,15:06
549,549,Story,not a destination.,0,2024-01-26,13:54
550,550,Message,The best time to plant a tree was 20 years ago. The second best time is now.,0,2024-01-07,13:15
551,551,Story,The best time to plant a tree was 20 years ago. The second best time is now.,1,2024-01-15,1:41
552,552,Story,consectetur adipiscing elit.,0,2024-01-12,8:36
553,553,Message,Dream big and work hard to make it happen.,1,2024-01-14,6:06
554,554,Story,you never know what you're gonna get.,1,2024-01-29,13:37
555,555,Story,Be yourself,1,2024-01-01,9:31
556,556,Story,The best time to plant a tree was 20 years ago. The second best time is now.,1,2024-01-02,9:17
557,557,Message,Dream big and work hard to make it happen.,0,2024-02-06,10:11
558,558,Message,Every day may not be good,1,2024-02-05,0:57
559,559,Story,consectetur adipiscing elit.,0,2024-01-25,20:11
560,560,Message,Be yourself,0,2024-01-06,6:40
561,561,Message,The only thing standing between you and your goal is the story you keep telling yourself as to why you can't achieve it.,0,2024-02-05,21:38
562,562,Story,failure is not fatal: It is the courage to continue that counts.,0,2024-01-24,2:31
563,563,Story,smile because it happened.,0,2024-01-06,10:39
564,564,Message,The future belongs to those who believe in the beauty of their dreams.,0,2024-02-17,2:20
565,565,Message,but there's something good in every day.,0,2024-02-01,5:55
566,566,Story,we only regret the chances we didn't take.,1,2024-02-13,22:19
567,567,Story,and smarter than you think.,0,2024-01-17,11:48
568,568,Message,In the end,1,2024-01-22,16:54
569,569,Story,Dream big and work hard to make it happen.,0,2024-01-19,23:14
570,570,Story,and smarter than you think.,0,2024-01-30,22:28
571,571,Message,we only regret the chances we didn't take.,0,2024-02-08,3:52
572,572,Message,Dream big and work hard to make it happen.,1,2024-02-22,20:35
573,573,Message,Coding is fun and challenging at the same time.,0,2024-02-04,19:31
574,574,Story,but there's something good in every day.,1,2024-02-12,14:25
575,575,Message,Life is like a box of chocolates,1,2024-01-07,13:10
576,576,Message,Life is a journey,1,2024-01-13,2:44
577,577,Story,everyone else is already taken.,1,2024-02-10,22:51
578,578,Message,consectetur adipiscing elit.,1,2024-01-26,4:17
579,579,Story,take the moment and make it perfect.,0,2024-01-21,16:47
580,580,Message,take the moment and make it perfect.,0,2024-02-01,6:29
581,581,Message,Lorem ipsum dolor sit amet,0,2024-01-28,9:51
582,582,Story,Believe you can and you're halfway there.,0,2024-02-06,15:04
583,583,Story,Success is not final,1,2024-02-12,2:52
584,584,Message,failure is not fatal: It is the courage to continue that counts.,0,2024-02-12,16:46
585,585,Story,but in rising every time we fall.,1,2024-01-13,21:41
586,586,Story,The only person you should try to be better than is the person you were yesterday.,0,2024-01-15,0:14
587,587,Message,The only way to achieve the impossible is to believe it is possible.,0,2024-02-03,11:54
588,588,Story,Happiness is a choice,0,2024-02-23,10:12
589,589,Message,Life is 10% what happens to us and 90% how we react to it.,0,2024-01-14,17:58
590,590,Story,Don't cry because it's over,1,2024-02-12,23:02
591,591,Message,Life is short,1,2024-02-13,3:35
592,592,Message,Don't cry because it's over,0,2024-01-15,8:14
593,593,Story,Life is 10% what happens to us and 90% how we react to it.,0,2024-01-24,15:28
594,594,Story,Be yourself,1,2024-01-12,7:17
595,595,Message,The best way to predict the future is to create it.,0,2024-02-20,20:25
596,596,Message,Actions speak louder than words.,0,2024-02-24,15:30
597,597,Story,Success is not final,1,2024-02-18,4:38
598,598,Story,Life is what happens when you're busy making other plans.,0,2024-01-17,23:06
599,599,Message,Life is what happens when you're busy making other plans.,0,2024-01-16,13:59
600,600,Story,The greatest glory in living lies not in never falling,1,2024-01-27,6:40
601,601,Message,Life is a journey,0,2024-02-19,10:56
602,602,Story,The best time to plant a tree was 20 years ago. The second best time is now.,0,2024-01-03,13:28
603,603,Story,stronger than you seem,0,2024-01-11,23:55
604,604,Story,Don't cry because it's over,0,2024-02-11,13:31
605,605,Story,Believe you can and you're halfway there.,0,2024-02-06,13:22
606,606,Message,Dream big and work hard to make it happen.,1,2024-01-25,4:55
607,607,Message,we only regret the chances we didn't take.,0,2024-02-05,1:30
608,608,Message,we only regret the chances we didn't take.,0,2024-01-06,5:11
609,609,Story,but in rising every time we fall.,0,2024-02-13,13:21
610,610,Story,smile because it happened.,0,2024-02-04,11:35
611,611,Message,The greatest glory in living lies not in never falling,1,2024-01-10,21:57
612,612,Story,Life is 10% what happens to us and 90% how we react to it.,0,2024-02-20,5:14
613,613,Story,Life is 10% what happens to us and 90% how we react to it.,1,2024-02-11,1:04
614,614,Message,The only person you should try to be better than is the person you were yesterday.,0,2024-01-22,15:59
615,615,Story,The sky is blue and the sun is shining.,1,2024-01-21,18:08
616,616,Story,You miss 100% of the shots you don't take.,1,2024-01-23,16:49
617,617,Message,You are never too old to set another goal or to dream a new dream.,1,2024-02-07,10:18
618,618,Story,The best time to plant a tree was 20 years ago. The second best time is now.,0,2024-02-24,4:35
619,619,Story,Actions speak louder than words.,1,2024-02-23,23:45
620,620,Message,Life is 10% what happens to us and 90% how we react to it.,0,2024-02-05,4:22
621,621,Story,The world is full of beauty and wonder.,1,2024-01-19,4:56
622,622,Message,stronger than you seem,0,2024-01-01,4:18
623,623,Story,The only thing standing between you and your goal is the story you keep telling yourself as to why you can't achieve it.,1,2024-01-24,14:45
624,624,Story,Believe you can and you're halfway there.,1,2024-02-15,18:20
625,625,Message,you never know what you're gonna get.,0,2024-01-30,18:43
626,626,Story,but learning to dance in the rain.,0,2024-01-15,20:27
627,627,Message,but there's something good in every day.,0,2024-01-01,20:35
628,628,Story,Every day may not be good,1,2024-01-10,17:57
629,629,Message,I love to eat pizza with extra cheese.,1,2024-02-26,13:14
630,630,Story,You are never too old to set another goal or to dream a new dream.,0,2024-02-14,6:07
631,631,Story,take the moment and make it perfect.,0,2024-02-08,10:24
632,632,Message,failure is not fatal: It is the courage to continue that counts.,1,2024-02-26,6:06
633,633,Message,The future belongs to those who believe in the beauty of their dreams.,0,2024-01-05,14:30
634,634,Story,Life is a journey,1,2024-01-04,22:29
635,635,Story,Be yourself,0,2024-01-27,13:35
636,636,Message,Dream big and work hard to make it happen.,1,2024-01-22,22:30
637,637,Story,Actions speak louder than words.,0,2024-02-01,2:11
638,638,Story,failure is not fatal: It is the courage to continue that counts.,0,2024-01-07,18:49
639,639,Story,Life is like a box of chocolates,1,2024-01-23,6:29
640,640,Story,Don't cry because it's over,0,2024-01-15,11:42
641,641,Story,The only limit to our realization of tomorrow will be our doubts of today.,0,2024-01-22,22:26
642,642,Message,Be yourself,0,2024-01-03,23:18
643,643,Story,Believe you can and you're halfway there.,0,2024-01-30,4:51
644,644,Message,The best way to predict the future is to create it.,0,2024-02-10,16:37
645,645,Message,Life is not about waiting for the storm to pass,0,2024-02-18,20:45
646,646,Story,The quick brown fox jumps over the lazy dog.,0,2024-02-11,2:57
647,647,Story,Happiness is a choice,1,2024-02-14,9:41
648,648,Story,Success is walking from failure to failure with no loss of enthusiasm.,1,2024-02-06,16:29
649,649,Message,consectetur adipiscing elit.,0,2024-02-04,9:44
650,650,Story,You are braver than you believe,1,2024-01-31,20:07
651,651,Message,smile because it happened.,0,2024-02-21,16:17
652,652,Message,The only thing standing between you and your goal is the story you keep telling yourself as to why you can't achieve it.,1,2024-01-16,10:50
653,653,Story,The best way to predict the future is to create it.,0,2024-01-08,16:51
654,654,Message,Happiness is a choice,1,2024-01-06,3:01
655,655,Message,Success is walking from failure to failure with no loss of enthusiasm.,1,2024-01-06,21:18
656,656,Message,Dream big and work hard to make it happen.,1,2024-02-12,23:28
657,657,Story,In the end,1,2024-02-16,8:24
658,658,Message,The sky is blue and the sun is shining.,0,2024-01-26,18:34
659,659,Story,Success is walking from failure to failure with no loss of enthusiasm.,1,2024-01-28,20:11
660,660,Story,everyone else is already taken.,0,2024-02-23,4:24
661,661,Story,but in rising every time we fall.,1,2024-02-07,16:55
662,662,Message,The best time to plant a tree was 20 years ago. The second best time is now.,1,2024-02-20,1:38
663,663,Message,The only person you should try to be better than is the person you were yesterday.,0,2024-02-26,13:25
664,664,Message,You are braver than you believe,0,2024-02-19,9:43
665,665,Story,The sky is blue and the sun is shining.,0,2024-01-29,4:30
666,666,Story,You are braver than you believe,0,2024-01-17,9:54
667,667,Message,Don't be pushed around by the fears in your mind. Be led by the dreams in your heart.,0,2024-01-10,3:20
668,668,Story,but there's something good in every day.,0,2024-01-13,10:38
669,669,Story,but there's something good in every day.,1,2024-02-23,3:14
670,670,Story,The future belongs to those who believe in the beauty of their dreams.,1,2024-01-07,23:13
671,671,Message,Dream big and work hard to make it happen.,0,2024-01-08,10:51
672,672,Message,The sky is blue and the sun is shining.,0,2024-01-24,11:25
673,673,Story,The world is full of beauty and wonder.,0,2024-01-27,11:03
674,674,Story,The best way to predict the future is to create it.,1,2024-01-24,14:41
675,675,Message,choose wisely.,1,2024-02-14,7:55
676,676,Story,Success is not final,0,2024-01-04,5:53
677,677,Message,and smarter than you think.,1,2024-02-03,21:34
678,678,Story,The sky is blue and the sun is shining.,1,2024-01-17,4:53
679,679,Story,Every day may not be good,0,2024-01-24,7:42
680,680,Message,In the end,1,2024-02-05,16:56
681,681,Message,not a destination.,1,2024-02-10,19:16
682,682,Story,Life is like a box of chocolates,1,2024-01-24,16:37
683,683,Message,You miss 100% of the shots you don't take.,0,2024-01-28,1:29
684,684,Message,The best time to plant a tree was 20 years ago. The second best time is now.,1,2024-01-16,0:28
685,685,Story,You miss 100% of the shots you don't take.,0,2024-02-09,3:00
686,686,Message,You are braver than you believe,1,2024-02-20,4:21
687,687,Story,The sky is blue and the sun is shining.,1,2024-02-22,8:34
688,688,Story,The future belongs to those who believe in the beauty of their dreams.,1,2024-02-17,7:34
689,689,Message,Every day may not be good,0,2024-01-16,13:59
690,690,Story,but in rising every time we fall.,0,2024-01-16,14:12
691,691,Story,The only way to do great work is to love what you do.,1,2024-02-08,17:46
692,692,Story,but so are you.,1,2024-01-19,19:19
693,693,Message,and smarter than you think.,0,2024-02-15,18:07
694,694,Message,smile because it happened.,1,2024-01-25,5:24
695,695,Story,The only way to achieve the impossible is to believe it is possible.,1,2024-01-31,3:07
696,696,Message,and smarter than you think.,1,2024-02-18,19:40
697,697,Message,make it sweet.,0,2024-01-02,14:54
698,698,Story,Actions speak louder than words.,0,2024-01-24,2:29
699,699,Message,Happiness is a choice,1,2024-02-20,9:00
700,700,Story,You are braver than you believe,0,2024-02-17,8:48
701,701,Story,Success is walking from failure to failure with no loss of enthusiasm.,0,2024-01-30,21:08
702,702,Message,The sky is blue and the sun is shining.,1,2024-02-18,21:53
703,703,Story,The quick brown fox jumps over the lazy dog.,1,2024-01-25,2:17
704,704,Story,Actions speak louder than words.,0,2024-01-02,23:51
705,705,Story,Life is short,0,2024-01-10,23:51
706,706,Message,Dream big and work hard to make it happen.,0,2024-02-19,17:05
707,707,Message,Happiness is a choice,0,2024-01-07,1:49
708,708,Message,and smarter than you think.,1,2024-01-29,2:45
709,709,Message,and smarter than you think.,0,2024-01-27,12:42
710,710,Message,I love to eat pizza with extra cheese.,1,2024-02-23,11:41
711,711,Story,Life is 10% what happens to us and 90% how we react to it.,0,2024-02-10,4:49
712,712,Story,but there's something good in every day.,0,2024-01-11,11:16
713,713,Message,Success is walking from failure to failure with no loss of enthusiasm.,0,2024-01-23,12:46
714,714,Story,Success is walking from failure to failure with no loss of enthusiasm.,0,2024-02-23,5:27
715,715,Message,but in rising every time we fall.,0,2024-02-27,12:05
716,716,Story,Coding is fun and challenging at the same time.,0,2024-02-17,3:33
717,717,Story,You miss 100% of the shots you don't take.,1,2024-02-12,7:27
718,718,Story,You miss 100% of the shots you don't take.,0,2024-02-09,20:48
719,719,Message,Happiness is a choice,0,2024-02-07,17:35
720,720,Story,smile because it happened.,0,2024-01-09,12:35
721,721,Message,Happiness is a choice,0,2024-01-06,20:44
722,722,Story,consectetur adipiscing elit.,1,2024-01-03,21:03
723,723,Story,but so are you.,0,2024-02-09,15:21
724,724,Message,but learning to dance in the rain.,0,2024-02-11,19:01
725,725,Message,You are never too old to set another goal or to dream a new dream.,0,2024-02-11,3:02
726,726,Story,not a destination.,1,2024-02-23,1:19
727,727,Story,The world is full of beauty and wonder.,1,2024-01-04,23:39
728,728,Story,everyone else is already taken.,1,2024-01-06,18:50
729,729,Message,Believe you can and you're halfway there.,1,2024-01-31,16:11
730,730,Story,Don't cry because it's over,1,2024-01-04,15:06
731,731,Message,The only thing standing between you and your goal is the story you keep telling yourself as to why you can't achieve it.,1,2024-02-14,7:08
732,732,Story,Lorem ipsum dolor sit amet,0,2024-01-31,17:39
733,733,Message,The best time to plant a tree was 20 years ago. The second best time is now.,0,2024-02-06,1:06
734,734,Story,The future belongs to those who believe in the beauty of their dreams.,1,2024-01-29,6:09
735,735,Message,Don't wait for the perfect moment,1,2024-01-08,18:36
736,736,Message,In the end,0,2024-01-04,4:06
737,737,Message,Don't wait for the perfect moment,1,2024-02-04,5:30
738,738,Story,The only way to achieve the impossible is to believe it is possible.,0,2024-01-28,2:56
739,739,Message,I love to eat pizza with extra cheese.,1,2024-01-27,2:38
740,740,Story,Success is walking from failure to failure with no loss of enthusiasm.,1,2024-01-22,11:35
741,741,Message,The best way to predict the future is to create it.,0,2024-01-14,8:24
742,742,Story,Lorem ipsum dolor sit amet,0,2024-02-06,5:49
743,743,Story,Life is what happens when you're busy making other plans.,0,2024-01-23,2:59
744,744,Message,Dream big and work hard to make it happen.,0,2024-01-16,6:09
745,745,Story,Life is 10% what happens to us and 90% how we react to it.,0,2024-01-18,17:41
746,746,Story,In the end,0,2024-02-07,0:23
747,747,Story,The only thing standing between you and your goal is the story you keep telling yourself as to why you can't achieve it.,0,2024-02-25,11:21
748,748,Story,I love to eat pizza with extra cheese.,1,2024-02-23,8:42
749,749,Message,You are braver than you believe,1,2024-01-21,12:08
750,750,Story,but in rising every time we fall.,1,2024-02-07,22:01
751,751,Message,The best way to predict the future is to create it.,1,2024-01-26,8:59
752,752,Message,choose wisely.,1,2024-02-09,5:56
753,753,Story,The only thing standing between you and your goal is the story you keep telling yourself as to why you can't achieve it.,1,2024-02-23,17:14
754,754,Message,Success is walking from failure to failure with no loss of enthusiasm.,1,2024-01-30,21:09
755,755,Message,In the end,0,2024-01-20,11:39
756,756,Story,Success is walking from failure to failure with no loss of enthusiasm.,1,2024-01-02,16:24
757,757,Message,but so are you.,1,2024-02-06,15:10
758,758,Message,The greatest glory in living lies not in never falling,0,2024-01-04,3:39
759,759,Story,Life is short,1,2024-02-19,9:16
760,760,Story,Happiness is a choice,0,2024-02-13,17:47
761,761,Story,Life is not about waiting for the storm to pass,1,2024-01-23,5:24
762,762,Message,Life is a journey,1,2024-01-17,15:40
763,763,Story,The early bird catches the worm.,1,2024-01-31,15:28
764,764,Story,The greatest glory in living lies not in never falling,1,2024-01-18,22:39
765,765,Story,you never know what you're gonna get.,1,2024-01-12,4:28
766,766,Story,but so are you.,1,2024-01-10,11:13
767,767,Story,not a destination.,1,2024-02-11,5:19
768,768,Story,not a destination.,0,2024-02-06,20:21
769,769,Story,Don't be pushed around by the fears in your mind. Be led by the dreams in your heart.,0,2024-02-26,0:36
770,770,Message,Success is walking from failure to failure with no loss of enthusiasm.,0,2024-02-17,1:31
771,771,Message,failure is not fatal: It is the courage to continue that counts.,1,2024-02-10,20:45
772,772,Message,Life is what happens when you're busy making other plans.,0,2024-01-28,5:04
773,773,Story,Don't be pushed around by the fears in your mind. Be led by the dreams in your heart.,1,2024-02-19,0:15
774,774,Message,The sky is blue and the sun is shining.,0,2024-01-16,21:19
775,775,Story,In the end,1,2024-01-05,10:16
776,776,Message,The best way to predict the future is to create it.,1,2024-01-23,16:17
777,777,Message,Believe you can and you're halfway there.,1,2024-02-21,13:08
778,778,Message,Life is short,1,2024-02-13,7:57
779,779,Message,take the moment and make it perfect.,0,2024-02-21,1:54
780,780,Story,stronger than you seem,0,2024-01-15,5:01
781,781,Story,Be yourself,1,2024-01-03,5:03
782,782,Message,Life is 10% what happens to us and 90% how we react to it.,1,2024-01-16,21:06
783,783,Message,You miss 100% of the shots you don't take.,0,2024-02-13,11:53
784,784,Story,Life is not about waiting for the storm to pass,1,2024-01-23,22:58
785,785,Story,You are braver than you believe,1,2024-02-02,9:52
786,786,Story,you never know what you're gonna get.,0,2024-01-23,6:03
787,787,Story,Dream big and work hard to make it happen.,1,2024-01-11,4:53
788,788,Message,everyone else is already taken.,0,2024-02-19,20:16
789,789,Message,stronger than you seem,0,2024-02-05,12:58
790,790,Message,Life is short,1,2024-01-11,8:51
791,791,Story,stronger than you seem,0,2024-02-13,19:39
792,792,Message,everyone else is already taken.,0,2024-02-18,12:56
793,793,Message,The early bird catches the worm.,1,2024-01-09,13:02
794,794,Story,but so are you.,1,2024-02-14,14:01
795,795,Story,The quick brown fox jumps over the lazy dog.,0,2024-02-12,16:34
796,796,Message,and smarter than you think.,1,2024-02-05,13:38
797,797,Message,Life is a journey,1,2024-02-14,17:00
798,798,Story,The sky is blue and the sun is shining.,1,2024-02-12,8:32
799,799,Message,Life is a journey,1,2024-02-17,12:25
800,800,Message,You are never too old to set another goal or to dream a new dream.,1,2024-02-21,7:51
801,801,Message,Be yourself,1,2024-02-24,18:30
802,802,Story,The only thing standing between you and your goal is the story you keep telling yourself as to why you can't achieve it.,0,2024-02-10,23:23
803,803,Story,and smarter than you think.,0,2024-01-07,8:01
804,804,Story,The only limit to our realization of tomorrow will be our doubts of today.,0,2024-01-03,20:13
805,805,Story,Life is short,0,2024-02-07,22:49
806,806,Message,take the moment and make it perfect.,1,2024-02-08,11:53
807,807,Story,Don't cry because it's over,0,2024-01-26,14:14
808,808,Story,Don't wait for the perfect moment,1,2024-02-17,11:14
809,809,Message,make it sweet.,1,2024-01-24,13:11
810,810,Story,Lorem ipsum dolor sit amet,0,2024-01-20,22:12
811,811,Story,The world is full of beauty and wonder.,0,2024-01-10,17:36
812,812,Message,Success is walking from failure to failure with no loss of enthusiasm.,0,2024-01-24,9:09
813,813,Message,Don't cry because it's over,0,2024-01-28,2:12
814,814,Story,The only person you should try to be better than is the person you were yesterday.,1,2024-02-16,11:08
815,815,Story,stronger than you seem,1,2024-01-23,15:48
816,816,Story,You miss 100% of the shots you don't take.,1,2024-01-15,3:37
817,817,Story,The best time to plant a tree was 20 years ago. The second best time is now.,1,2024-02-27,23:25
818,818,Message,everyone else is already taken.,0,2024-02-17,10:59
819,819,Story,Don't cry because it's over,0,2024-01-08,20:50
820,820,Message,The quick brown fox jumps over the lazy dog.,1,2024-02-26,2:25
821,821,Message,failure is not fatal: It is the courage to continue that counts.,1,2024-01-24,13:42
822,822,Story,Life is 10% what happens to us and 90% how we react to it.,1,2024-01-11,9:48
823,823,Message,Success is walking from failure to failure with no loss of enthusiasm.,0,2024-01-14,7:54
824,824,Story,Life is not about waiting for the storm to pass,0,2024-01-02,2:18
825,825,Message,Life is what happens when you're busy making other plans.,0,2024-01-31,19:35
826,826,Story,The best time to plant a tree was 20 years ago. The second best time is now.,1,2024-01-04,9:31
827,827,Message,The sky is blue and the sun is shining.,1,2024-02-09,9:43
828,828,Story,but so are you.,1,2024-02-21,12:47
829,829,Message,The only way to achieve the impossible is to believe it is possible.,0,2024-01-15,14:24
830,830,Message,Be yourself,0,2024-02-05,8:57
831,831,Message,Actions speak louder than words.,1,2024-01-19,21:51
832,832,Message,The only thing standing between you and your goal is the story you keep telling yourself as to why you can't achieve it.,0,2024-01-08,0:28
833,833,Message,Life is what happens when you're busy making other plans.,1,2024-01-10,20:33
834,834,Story,The only limit to our realization of tomorrow will be our doubts of today.,1,2024-01-21,23:12
835,835,Message,Life is a journey,0,2024-02-18,22:42
836,836,Story,You are never too old to set another goal or to dream a new dream.,1,2024-01-11,12:15
837,837,Story,The greatest glory in living lies not in never falling,1,2024-02-22,3:20
838,838,Story,smile because it happened.,0,2024-02-15,5:25
839,839,Message,Happiness is a choice,1,2024-02-04,12:50
840,840,Story,take the moment and make it perfect.,0,2024-01-13,12:07
841,841,Message,You are braver than you believe,0,2024-02-13,17:06
842,842,Message,The only thing standing between you and your goal is the story you keep telling yourself as to why you can't achieve it.,0,2024-02-24,5:51
843,843,Message,In the end,1,2024-01-11,17:43
844,844,Message,Believe you can and you're halfway there.,1,2024-01-09,6:04
845,845,Message,smile because it happened.,1,2024-02-17,3:42
846,846,Story,Don't wait for the perfect moment,1,2024-02-02,8:52
847,847,Message,You are braver than you believe,1,2024-01-24,3:13
848,848,Story,choose wisely.,0,2024-01-31,11:14
849,849,Story,but there's something good in every day.,1,2024-02-27,4:33
850,850,Message,failure is not fatal: It is the courage to continue that counts.,1,2024-02-20,8:20
851,851,Message,make it sweet.,1,2024-01-14,17:39
852,852,Message,consectetur adipiscing elit.,0,2024-02-20,19:45
853,853,Message,Life is short,0,2024-01-15,18:34
854,854,Story,you never know what you're gonna get.,0,2024-02-21,0:19
855,855,Message,Believe you can and you're halfway there.,1,2024-02-06,0:57
856,856,Story,take the moment and make it perfect.,0,2024-01-01,20:59
857,857,Message,Life is not about waiting for the storm to pass,1,2024-01-19,23:44
858,858,Story,Success is not final,1,2024-02-13,13:01
859,859,Message,The only thing standing between you and your goal is the story you keep telling yourself as to why you can't achieve it.,0,2024-01-01,23:09
860,860,Message,but so are you.,0,2024-01-31,22:40
861,861,Message,but in rising every time we fall.,0,2024-01-20,1:57
862,862,Message,The best time to plant a tree was 20 years ago. The second best time is now.,0,2024-01-13,23:27
863,863,Story,Actions speak louder than words.,0,2024-02-10,18:38
864,864,Message,but learning to dance in the rain.,0,2024-02-05,21:30
865,865,Message,Dream big and work hard to make it happen.,1,2024-01-27,15:57
866,866,Story,The only limit to our realization of tomorrow will be our doubts of today.,0,2024-01-06,1:51
867,867,Message,The only thing standing between you and your goal is the story you keep telling yourself as to why you can't achieve it.,0,2024-01-01,20:50
868,868,Message,failure is not fatal: It is the courage to continue that counts.,1,2024-01-02,0:48
869,869,Message,but so are you.,0,2024-01-14,20:53
870,870,Message,Every day may not be good,1,2024-02-12,7:49
871,871,Story,Actions speak louder than words.,0,2024-02-16,16:03
872,872,Story,Life is a journey,1,2024-01-15,22:27
873,873,Story,The early bird catches the worm.,1,2024-02-09,7:05
874,874,Story,you never know what you're gonna get.,1,2024-01-17,4:29
875,875,Message,You are never too old to set another goal or to dream a new dream.,1,2024-02-16,18:50
876,876,Story,Life is not about waiting for the storm to pass,1,2024-02-03,16:45
877,877,Message,not a destination.,0,2024-01-22,11:28
878,878,Story,but so are you.,0,2024-01-19,17:25
879,879,Story,Be yourself,0,2024-02-01,4:09
880,880,Message,Life is not about waiting for the storm to pass,0,2024-01-18,19:45
881,881,Story,but in rising every time we fall.,1,2024-01-11,18:31
882,882,Story,You are braver than you believe,0,2024-01-04,9:15
883,883,Story,The quick brown fox jumps over the lazy dog.,0,2024-01-10,19:39
884,884,Story,Don't cry because it's over,1,2024-01-26,15:43
885,885,Story,Life is what happens when you're busy making other plans.,0,2024-01-02,5:14
886,886,Message,Coding is fun and challenging at the same time.,0,2024-02-15,17:56
887,887,Story,smile because it happened.,1,2024-02-05,23:32
888,888,Story,but in rising every time we fall.,1,2024-01-19,0:22
889,889,Story,Happiness is a choice,0,2024-01-04,16:19
890,890,Story,The only limit to our realization of tomorrow will be our doubts of today.,0,2024-02-23,2:50
891,891,Story,The sky is blue and the sun is shining.,1,2024-01-15,9:13
892,892,Message,we only regret the chances we didn't take.,1,2024-01-07,18:11
893,893,Message,but so are you.,1,2024-01-31,14:20
894,894,Message,stronger than you seem,1,2024-02-14,10:45
895,895,Story,The future belongs to those who believe in the beauty of their dreams.,1,2024-02-04,1:27
896,896,Message,Life is like a box of chocolates,0,2024-01-23,5:26
897,897,Message,The only limit to our realization of tomorrow will be our doubts of today.,0,2024-01-15,16:17
898,898,Message,Success is not final,1,2024-01-16,21:18
899,899,Message,Life is tough,0,2024-02-07,3:36
900,900,Story,Life is not about waiting for the storm to pass,0,2024-01-16,21:38
901,901,Message,The only way to achieve the impossible is to believe it is possible.,1,2024-01-28,6:49
902,902,Story,In the end,1,2024-02-04,15:31
903,903,Message,everyone else is already taken.,0,2024-02-19,21:45
904,904,Story,Success is walking from failure to failure with no loss of enthusiasm.,0,2024-01-30,3:34
905,905,Story,The greatest glory in living lies not in never falling,0,2024-02-05,0:41
906,906,Story,Don't be pushed around by the fears in your mind. Be led by the dreams in your heart.,0,2024-01-29,10:30
907,907,Message,In the end,1,2024-02-09,23:55
908,908,Story,Coding is fun and challenging at the same time.,0,2024-01-19,3:56
909,909,Message,Don't wait for the perfect moment,0,2024-02-07,1:23
910,910,Message,You are braver than you believe,1,2024-01-05,5:48
911,911,Message,Actions speak louder than words.,1,2024-01-06,23:45
912,912,Message,The quick brown fox jumps over the lazy dog.,0,2024-02-17,7:36
913,913,Message,The best way to predict the future is to create it.,0,2024-02-21,20:49
914,914,Story,Life is like a box of chocolates,1,2024-01-10,16:48
915,915,Message,smile because it happened.,1,2024-01-08,23:56
916,916,Message,Don't cry because it's over,0,2024-01-16,3:38
917,917,Story,The best time to plant a tree was 20 years ago. The second best time is now.,1,2024-02-18,20:20
918,918,Story,consectetur adipiscing elit.,1,2024-02-12,4:58
919,919,Story,The best time to plant a tree was 20 years ago. The second best time is now.,0,2024-01-23,10:22
920,920,Message,Don't cry because it's over,1,2024-02-21,19:59
921,921,Message,The only limit to our realization of tomorrow will be our doubts of today.,0,2024-02-17,4:51
922,922,Message,but there's something good in every day.,1,2024-02-17,16:25
923,923,Story,Don't cry because it's over,0,2024-02-11,17:35
924,924,Story,Success is walking from failure to failure with no loss of enthusiasm.,0,2024-02-08,15:04
925,925,Message,The only way to achieve the impossible is to believe it is possible.,1,2024-02-07,2:33
926,926,Message,The only thing standing between you and your goal is the story you keep telling yourself as to why you can't achieve it.,0,2024-01-01,19:16
927,927,Story,Life is tough,0,2024-01-22,17:44
928,928,Message,make it sweet.,0,2024-01-15,4:36
929,929,Message,and smarter than you think.,0,2024-02-07,18:15
930,930,Story,Life is 10% what happens to us and 90% how we react to it.,1,2024-02-18,13:59
931,931,Story,The world is full of beauty and wonder.,0,2024-02-08,5:04
932,932,Story,Don't be pushed around by the fears in your mind. Be led by the dreams in your heart.,0,2024-01-03,2:20
933,933,Message,The only thing standing between you and your goal is the story you keep telling yourself as to why you can't achieve it.,1,2024-01-01,13:26
934,934,Story,Life is 10% what happens to us and 90% how we react to it.,1,2024-02-02,2:42
935,935,Message,take the moment and make it perfect.,0,2024-01-09,20:24
936,936,Message,Success is not final,0,2024-01-25,1:12
937,937,Story,not a destination.,0,2024-02-01,3:01
938,938,Story,Success is walking from failure to failure with no loss of enthusiasm.,1,2024-02-26,22:12
939,939,Story,everyone else is already taken.,0,2024-02-14,17:07
940,940,Story,you never know what you're gonna get.,1,2024-01-26,20:23
941,941,Story,The only person you should try to be better than is the person you were yesterday.,1,2024-02-16,13:00
942,942,Story,Life is short,1,2024-02-01,3:54
943,943,Message,consectetur adipiscing elit.,0,2024-02-20,22:54
944,944,Story,Lorem ipsum dolor sit amet,0,2024-01-05,4:25
945,945,Message,make it sweet.,1,2024-02-09,15:47
946,946,Message,Don't cry because it's over,0,2024-02-20,22:52
947,947,Message,we only regret the chances we didn't take.,0,2024-01-28,22:10
948,948,Story,The future belongs to those who believe in the beauty of their dreams.,0,2024-01-28,17:18
949,949,Story,Life is a journey,1,2024-01-28,3:31
950,950,Message,but learning to dance in the rain.,1,2024-01-09,2:01
951,951,Message,choose wisely.,0,2024-02-22,11:30
952,952,Story,and smarter than you think.,1,2024-02-07,11:20
953,953,Story,smile because it happened.,1,2024-01-29,1:38
954,954,Message,The world is full of beauty and wonder.,1,2024-01-24,4:47
955,955,Message,The only thing standing between you and your goal is the story you keep telling yourself as to why you can't achieve it.,1,2024-02-06,8:09
956,956,Story,The future belongs to those who believe in the beauty of their dreams.,1,2024-01-25,17:34
957,957,Story,smile because it happened.,0,2024-02-16,15:45
958,958,Story,Success is not final,0,2024-01-12,0:39
959,959,Message,The sky is blue and the sun is shining.,0,2024-02-22,9:50
960,960,Story,make it sweet.,0,2024-02-16,23:09
961,961,Message,Life is like a box of chocolates,0,2024-02-01,15:08
962,962,Message,The only way to do great work is to love what you do.,1,2024-01-24,2:22
963,963,Story,smile because it happened.,0,2024-02-08,8:21
964,964,Story,Dream big and work hard to make it happen.,1,2024-01-09,5:38
965,965,Story,Don't wait for the perfect moment,0,2024-01-14,15:54
966,966,Story,Coding is fun and challenging at the same time.,1,2024-01-18,14:03
967,967,Message,Be yourself,0,2024-01-16,12:22
968,968,Message,we only regret the chances we didn't take.,0,2024-01-17,20:20
969,969,Story,I love to eat pizza with extra cheese.,1,2024-01-31,14:46
970,970,Message,Life is 10% what happens to us and 90% how we react to it.,1,2024-01-15,16:00
971,971,Message,Happiness is a choice,1,2024-02-11,17:53
972,972,Story,but in rising every time we fall.,0,2024-02-04,10:55
973,973,Message,Happiness is a choice,1,2024-02-08,4:26
974,974,Message,Life is a journey,1,2024-02-22,14:04
975,975,Story,Actions speak louder than words.,1,2024-02-03,19:36
976,976,Story,The only way to achieve the impossible is to believe it is possible.,1,2024-01-02,21:10
977,977,Message,but so are you.,1,2024-01-31,22:59
978,978,Message,smile because it happened.,1,2024-01-26,16:09
979,979,Message,everyone else is already taken.,0,2024-02-24,22:11
980,980,Message,Don't wait for the perfect moment,1,2024-01-18,6:53
981,981,Story,Actions speak louder than words.,1,2024-02-14,20:10
982,982,Message,choose wisely.,0,2024-01-18,6:18
983,983,Message,take the moment and make it perfect.,0,2024-02-09,21:56
984,984,Message,but in rising every time we fall.,1,2024-01-04,11:58
985,985,Story,Dream big and work hard to make it happen.,1,2024-01-17,20:21
986,986,Message,Dream big and work hard to make it happen.,0,2024-01-04,15:36
987,987,Story,smile because it happened.,0,2024-01-31,14:19
988,988,Message,Life is not about waiting for the storm to pass,1,2024-02-17,2:47
989,989,Message,I love to eat pizza with extra cheese.,0,2024-02-20,1:43
990,990,Message,In the end,0,2024-02-24,13:43
991,991,Message,The early bird catches the worm.,1,2024-01-26,19:00
992,992,Message,You are never too old to set another goal or to dream a new dream.,0,2024-01-14,3:06
993,993,Message,The future belongs to those who believe in the beauty of their dreams.,0,2024-02-27,4:07
994,994,Message,In the end,1,2024-01-18,17:20
995,995,Story,Life is what happens when you're busy making other plans.,1,2024-02-23,4:31
996,996,Story,Dream big and work hard to make it happen.,0,2024-01-18,3:25
997,997,Message,you never know what you're gonna get.,1,2024-02-20,20:27
998,998,Message,Happiness is a choice,0,2024-01-31,3:10
999,999,Story,Believe you can and you're halfway there.,1,2024-01-02,12:33
1000,1000,Message,stronger than you seem,1,2024-02-03,0:26
