1,Pipevine,Slovak,Cheap,Crown Heights,9:28,3 stars,true
2,Bonneville Shootingstar,Armenian,Cheap,Arrochar,19:36,4 stars,true
3,Wartleaf Ceanothus,Omani,Medium,Kips Bay,20:54,3 stars,true
4,Obovate Beakgrain,Georgian,Cheap,Boerum Hill,4:56,1 star,true
5,Lignumvitae,Hungarian,Medium,Crown Heights,10:53,2 stars,true
6,Chinese Tuliptree,Ethiopian,Medium,Clifton,8:48,5 stars,true
7,Chiricahua Dwarf Gentian,Iranian,Medium,Briarwood,18:36,1 star,false
8,Roundleaf Yellow Violet,Estonian,Cheap,Crown Heights,13:41,2 stars,false
9,Japanese Raspberry,Jordanian,Expensive,Morningside Heights,18:01,2 stars,true
10,Low Spurge,Yemeni,Cheap,Grymes Hill,8:33,1 star,true
11,Longleaf Buckwheat,Iranian,Cheap,Tribeca,1:52,3 stars,false
12,Serpentine Ragwort,Ethiopian,Expensive,Kips Bay,18:31,5 stars,false
13,Constance's Bittercress,Turkish,Medium,SoHo,7:09,5 stars,false
14,Gray's Milkvetch,Brazilian,Cheap,Boerum Hill,19:52,1 star,true
15,Sierra Bluecup,Cypriot,Cheap,Sunnyside,3:13,5 stars,false
16,Sugarberry,Latvian,Expensive,Mariners Harbor,14:00,4 stars,true
17,Rim Lichen,Syrian,Cheap,Hollis,23:12,5 stars,false
18,Whitestem Gooseberry,Croatian,Medium,Briarwood,6:42,3 stars,false
19,Bigelow's Willow,Italian,Medium,Ridgewood,4:34,4 stars,true
20,Yampah,Sri Lankan,Cheap,Forest Hills,12:56,1 star,false
21,Burnham's Blackberry,South African,Expensive,Marble Hill,12:39,1 star,false
22,Camasey Racimoso,Polish,Medium,Port Morris,14:26,5 stars,true
23,Fir Clubmoss,Romanian,Cheap,Financial District,13:00,3 stars,true
24,Fringed Orchid,Hungarian,Cheap,Riverdale,22:06,1 star,true
25,Maui Plantain,Mongolian,Medium,Briarwood,6:50,3 stars,false
26,Seseli,Turkmen,Expensive,Mariners Harbor,23:01,5 stars,false
27,Nicker Bean,Ukrainian,Expensive,Staten Island,1:57,3 stars,true
28,Lake Tahoe Draba,Ethiopian,Expensive,Morris Park,21:53,1 star,true
29,Strawberry Tree,Brazilian,Cheap,Eltingville,23:39,2 stars,true
30,Bristly Nama,French,Expensive,Arrochar,12:57,4 stars,true
31,Maronea Lichen,Sri Lankan,Medium,SoHo,21:00,4 stars,false
32,Creeping Juniper,Lithuanian,Medium,Douglaston,11:33,4 stars,false
33,Eastern Sweetshrub,Swedish,Medium,Washington Heights,20:08,5 stars,false
34,Box Bedstraw,Iranian,Expensive,Crown Heights,10:50,1 star,true
35,Hedgehog Woodrush,French,Medium,Little Italy,8:37,2 stars,true
36,Copperweed,Cypriot,Expensive,Chinatown,20:09,5 stars,true
37,Wild Hollyhock,Slovak,Cheap,Marble Hill,21:13,3 stars,true
38,Chinese Wingnut,German,Expensive,Bushwick,0:49,4 stars,false
39,Barbedbristle Bulrush,Omani,Expensive,Douglaston,20:51,2 stars,false
40,Mayweed,Finnish,Expensive,Long Island City,22:56,2 stars,false
41,Tricolor Monkeyflower,French,Medium,Rosebank,9:41,1 star,false
42,Allegheny Plum,Moroccan,Expensive,Willowbrook,3:17,5 stars,true
43,Cliffbush,Bangladeshi,Medium,Hollis,17:16,2 stars,false
44,Southern Beech,Cypriot,Medium,Long Island City,12:05,5 stars,true
45,Gurney's Hedgehog Cactus,Hawaiian,Expensive,Annadale,18:19,2 stars,false
46,Koehler's Rockcress,Bosnian,Cheap,Bellerose,23:44,5 stars,false
47,Utah Agave,Indian,Cheap,Kingsbridge,16:46,4 stars,true
48,Pteroglossaspis,Turkmen,Medium,Tribeca,7:35,2 stars,true
49,Strand Tangantangan,Turkish,Expensive,New Brighton,2:25,2 stars,true
50,Foolproofplant,Brazilian,Expensive,Rockaway Beach,0:46,1 star,false
51,Canada Cracked Lichen,Turkish,Cheap,Staten Island,6:57,5 stars,false
52,Shaggystem Cyrtandra,Argentinian,Cheap,Morningside Heights,2:10,3 stars,false
53,Old Man's Whiskers,Moroccan,Expensive,Willowbrook,15:20,2 stars,true
54,D'alton's Melaleuca,Mexican,Cheap,Tompkinsville,17:49,3 stars,false
55,Colorado Fescue,Portuguese,Medium,Hollis,7:00,2 stars,true
56,Hedge Maple,Thai,Expensive,Rosebank,14:31,1 star,true
57,Common Dandelion,Swiss,Expensive,Morningside Heights,17:17,1 star,false
58,Whitestem Frasera,Yemeni,Cheap,Little Neck,11:17,2 stars,true
59,Disc Lichen,Italian,Expensive,Tribeca,17:19,1 star,true
60,Bartramia Moss,Thai,Medium,New Brighton,19:14,1 star,true
61,Hypnum Moss,Vietnamese,Expensive,Chinatown,2:15,4 stars,true
62,Appalachian Violet,Estonian,Medium,Willowbrook,6:20,5 stars,false
63,Candelabrum Monkeyflower,Norwegian,Cheap,Little Neck,17:27,5 stars,false
64,Blue Limestone Columbine,Lithuanian,Expensive,Crown Heights,6:15,4 stars,false
65,Clokey's Fleabane,Mediterranean,Expensive,Little Italy,1:57,3 stars,true
66,Douglas' Silverpuffs,Ukrainian,Expensive,Gramercy,8:18,3 stars,true
67,Uncompahgre Bladderpod,Yemeni,Cheap,Murray Hill,14:13,4 stars,true
68,Pictetia,Jamaican,Medium,Soundview,0:16,1 star,true
69,Rock Ragwort,Omani,Medium,Cobble Hill,9:56,1 star,true
70,Forked Fanwort,Tajik,Cheap,Nolita,21:28,1 star,true
71,Telosma,Cuban,Cheap,Gowanus,8:20,2 stars,true
72,Bottlebrush Bulrush,Hawaiian,Medium,Red Hook,12:40,2 stars,true
73,Cucumberleaf Sunflower,Kuwaiti,Medium,Whitestone,9:20,2 stars,false
74,Asian Flatsedge,Montenegrin,Expensive,East Harlem,20:22,2 stars,true
75,Trumpetweed,Omani,Medium,Tompkinsville,2:41,5 stars,true
76,Dwarf Mountain Lupine,Latvian,Medium,Ridgewood,20:16,4 stars,true
77,Shell Lichen,Japanese,Medium,Tribeca,3:26,4 stars,true
78,Lillydale Onion,Polish,Medium,Carroll Gardens,12:33,2 stars,true
79,Pseudanamomis,Austrian,Expensive,Carroll Gardens,8:21,5 stars,true
80,Chancleta,Sri Lankan,Cheap,Bed-Stuy,14:16,1 star,false
81,Ramp,Turkmen,Cheap,Spuyten Duyvil,8:50,1 star,false
82,Runyon's Onion,Hungarian,Medium,Arrochar,1:15,5 stars,false
83,Elegant Mariposa Lily,Bhutanese,Medium,Carroll Gardens,23:11,5 stars,true
84,Bloodleaf,Latvian,Medium,Lower East Side,22:25,4 stars,true
85,Field Locoweed,Czech,Medium,Graniteville,19:26,5 stars,false
86,Howelliella,Japanese,Cheap,City Island,1:15,2 stars,true
87,Mycoglaena,Slovak,Expensive,NoHo,14:24,4 stars,true
88,Hueso Prieto,Tajik,Expensive,Yorkville,16:24,4 stars,true
89,Rosy Sunray,Hungarian,Cheap,Little Italy,19:43,5 stars,true
90,Prairie Clover,Sri Lankan,Medium,St. George,12:26,1 star,true
91,Flat-spiked Sedge,German,Cheap,St. George,8:41,1 star,true
92,Kentucky Bluegrass,Saudi Arabian,Cheap,Flushing,0:35,4 stars,false
93,Puffballs,Nepalese,Cheap,Bay Ridge,10:34,4 stars,false
94,Cryptocarya,Mongolian,Cheap,Tompkinsville,10:18,3 stars,false
95,White Turtlehead,Romanian,Medium,New Brighton,9:56,2 stars,true
96,Lawngrass,Swiss,Medium,Kew Gardens,2:05,3 stars,false
97,Hana Forest Silversword,Greek,Cheap,Arrochar,13:24,5 stars,true
98,Crandall's Beardtongue,Dutch,Expensive,Hell's Kitchen,5:59,4 stars,true
99,Broadleaf Spurge,Mongolian,Expensive,Marble Hill,20:58,3 stars,false
100,African Pepperwort,Bhutanese,Medium,Cobble Hill,15:56,2 stars,false
101,Krug's Clearweed,Qatari,Expensive,Inwood,15:41,2 stars,true
102,Toothed Whitetop Aster,Omani,Cheap,Bayside,15:57,2 stars,true
103,Dwarf Huckleberry,Portuguese,Expensive,Chelsea,5:06,5 stars,true
104,Border Privet,Hawaiian,Medium,Chelsea,5:04,5 stars,true
105,Papillose Wart Lichen,Azerbaijani,Cheap,Flushing,6:05,3 stars,false
106,Hall's Prairie Clover,Kuwaiti,Medium,Red Hook,7:31,3 stars,false
107,White Poplar,Austrian,Medium,Battery Park City,6:21,5 stars,false
108,Plumpseeded Madia,South African,Medium,Inwood,1:44,3 stars,false
109,Eightpetal Mountain-avens,Hungarian,Cheap,Harlem,10:47,2 stars,false
110,Hulten's Crabseye Lichen,Dutch,Expensive,Bulls Head,12:40,5 stars,true
111,Toadflax Penstemon,Brazilian,Expensive,Astoria,12:52,3 stars,true
112,Best's Hygrohypnum Moss,Thai,Cheap,Sunset Park,20:16,2 stars,true
113,Parish's Broomrape,Cypriot,Medium,Hollis,9:48,3 stars,true
114,Rattlesnake Flower,Argentinian,Cheap,Jackson Heights,19:08,2 stars,false
115,Nuttall's Reedgrass,Moroccan,Expensive,Chinatown,10:27,5 stars,true
116,Mountain Cryptantha,Filipino,Expensive,New Springville,2:05,1 star,false
117,Baker's Wild Hollyhock,Jamaican,Cheap,Woodlawn,17:00,5 stars,true
118,Flor De Pasmo,Lebanese,Medium,Chinatown,7:11,1 star,true
119,Rough Hawkweed,Mexican,Expensive,Little Neck,21:30,1 star,true
120,New England Blackbutt,Iraqi,Cheap,Coney Island,15:19,2 stars,false
121,Hairy Rupturewort,Estonian,Expensive,Park Slope,10:18,2 stars,true
122,Trypelthelium Lichen,Thai,Medium,Astoria,11:06,3 stars,false
123,Pinyon Beardtongue,Yemeni,Expensive,Great Kills,3:23,4 stars,true
124,Henry's Lily,Swedish,Medium,Park Slope,11:57,4 stars,false
125,Rough Barnyardgrass,Qatari,Expensive,St. George,11:52,5 stars,false
126,Yellow Awn Candle Snuffer Moss,Mediterranean,Medium,Bay Ridge,7:29,4 stars,true
127,Azure Blue Sage,Ethiopian,Medium,Queens Village,4:32,5 stars,true
128,Sedge,Iraqi,Medium,Chelsea,10:07,2 stars,false
129,Broadleaf Wild Leek,Chinese,Cheap,Jackson Heights,3:59,4 stars,true
130,Hard Treefern,Serbian,Expensive,Grymes Hill,2:54,4 stars,true
131,Lopleaf,Kuwaiti,Expensive,St. George,4:40,4 stars,true
132,Royal Beadfern,Bosnian,Expensive,Battery Park City,13:16,3 stars,true
133,Rim Lichen,Korean,Cheap,Morris Park,0:11,4 stars,true
134,Zeuxine,Montenegrin,Cheap,Riverdale,4:02,4 stars,false
135,Capsella,Maltese,Medium,Morris Park,17:49,3 stars,false
136,Ahlner's Microcalicium Lichen,Australian,Cheap,Jackson Heights,12:17,1 star,false
137,Woolly Bluestar,Turkish,Medium,Gramercy,2:22,4 stars,false
138,Hybrid Willow,Hungarian,Medium,Gowanus,10:31,2 stars,false
139,San Francisco Campion,Georgian,Expensive,Hollis,20:07,2 stars,false
140,Streambank Cyanea,Ethiopian,Expensive,Sunnyside,2:08,3 stars,false
141,Pacific Lacefern,Bulgarian,Cheap,Bay Ridge,4:02,5 stars,true
142,Macoun's Rockcress,Syrian,Cheap,Battery Park City,8:00,5 stars,true
143,Shorthook Fishhook Cactus,Azerbaijani,Expensive,Marble Hill,23:51,1 star,false
144,Evergreen Candytuft,Brazilian,Cheap,Bed-Stuy,23:53,1 star,true
145,Ram's Horn,Kazakh,Cheap,Battery Park City,23:58,1 star,true
146,Small Bonny Bellflower,Tunisian,Medium,Harlem,22:32,2 stars,true
147,Chinese Desert-thorn,Hungarian,Medium,Bellerose,14:05,2 stars,true
148,Cordilleran Sedge,Montenegrin,Expensive,Inwood,18:25,5 stars,false
149,Pingpong-ball Cactus,Norwegian,Cheap,Morris Park,11:34,4 stars,true
150,American Milkvetch,Lebanese,Cheap,Woodside,5:46,3 stars,false
151,Willow Dock,Mongolian,Cheap,Little Neck,23:03,5 stars,false
152,Steven's Sedge,Czech,Medium,Prospect Heights,18:14,3 stars,true
153,Hyssopleaf Hedgenettle,Albanian,Cheap,Sunset Park,20:17,2 stars,false
154,Lavalle Corktree,Macedonian,Cheap,SoHo,1:33,4 stars,false
155,Hooded Pitcherplant,Dutch,Cheap,Bellerose,8:35,4 stars,false
156,Littleleaf Peashrub,Albanian,Expensive,Red Hook,15:45,5 stars,true
157,Western Redcedar,Indian,Medium,Sunnyside,20:12,1 star,false
158,Taique,Romanian,Cheap,Inwood,0:12,2 stars,true
159,Tall Cottongrass,Vietnamese,Cheap,City Island,7:01,5 stars,true
160,Plumeless Thistle,Russian,Medium,Hollis,3:30,2 stars,false
161,Smooth Woodrush,Syrian,Cheap,Briarwood,0:10,2 stars,false
162,Wooton's Sedge,Iranian,Expensive,Park Slope,16:50,2 stars,true
163,Verdolaguilla,Maltese,Cheap,Rockaway Beach,3:18,3 stars,true
164,Dwarf Clover,Portuguese,Cheap,Battery Park City,17:16,2 stars,false
165,Cohitre Blanco,Swiss,Cheap,Astoria,22:27,2 stars,false
166,Trailing Milkvine,Israeli,Expensive,Red Hook,3:03,2 stars,false
167,Rough Coneflower,Mongolian,Expensive,Whitestone,21:41,1 star,false
168,European Waterclover,Croatian,Expensive,Spuyten Duyvil,4:17,1 star,false
169,Dotted Lichen,Peruvian,Medium,Sunset Park,13:55,3 stars,true
170,Maidenplum,Romanian,Cheap,Little Neck,19:35,4 stars,false
171,Helmet Flower,Hungarian,Cheap,Yorkville,12:23,2 stars,false
172,Sugarberry,Kazakh,Cheap,Astoria,20:25,1 star,false
173,Little Larkspur,Australian,Medium,Fort Greene,15:08,2 stars,false
174,Silver Cinquefoil,Pakistani,Medium,Carroll Gardens,9:15,1 star,false
175,Xylopia,Romanian,Medium,Financial District,21:12,1 star,true
176,Orange Lichen,Kazakh,Cheap,Gowanus,13:32,3 stars,false
177,Hybrid Oak,Mongolian,Cheap,Little Italy,14:16,5 stars,true
178,Curly-mesquite,Dutch,Medium,Pelham Bay,6:53,3 stars,false
179,Western Polemonium,Austrian,Cheap,Inwood,9:52,3 stars,true
180,Wasatch Desertparsley,Norwegian,Medium,Woodside,4:10,2 stars,true
181,Dove Pincushions,Serbian,Medium,Port Richmond,17:41,4 stars,true
182,White Wild Indigo,French,Expensive,Soundview,22:57,5 stars,true
183,Filiform Rockjasmine,Croatian,Expensive,Bayside,1:06,5 stars,false
184,Arctic Alpine Fleabane,Irish,Expensive,Bed-Stuy,11:09,2 stars,false
185,Yellow Spiderflower,Bulgarian,Medium,Hell's Kitchen,19:14,5 stars,true
186,Lindley's Clerodendrum,Finnish,Medium,Kew Gardens,16:07,3 stars,true
187,Desert Ceanothus,Finnish,Cheap,Huguenot,21:57,1 star,true
188,Great Plains Ragwort,Estonian,Expensive,SoHo,1:44,1 star,false
189,Beach Suncup,Hungarian,Expensive,Woodside,19:08,2 stars,false
190,Laxflower,Irish,Medium,Fort Greene,4:23,2 stars,false
191,Rimrock Milkvetch,Norwegian,Cheap,Jackson Heights,15:35,3 stars,true
192,Dwarf Phlox,Belgian,Expensive,Morris Park,11:43,1 star,false
193,Smooth Joyweed,Swiss,Cheap,Flushing,23:39,1 star,true
194,Crown Of Thorns,Cuban,Cheap,Stapleton,7:47,4 stars,false
195,Fosberg's Lovegrass,Azerbaijani,Medium,SoHo,16:55,3 stars,true
196,Kalalau Rim Dubautia,Sri Lankan,Expensive,DUMBO,10:50,3 stars,true
197,North Pacific Draba,Portuguese,Cheap,Great Kills,10:06,1 star,false
198,Rosarypea,Japanese,Cheap,Chinatown,22:37,2 stars,false
199,Freckled Milkvetch,Iraqi,Cheap,Mott Haven,15:50,1 star,true
200,Laurel,Turkish,Expensive,Grymes Hill,2:36,5 stars,true
201,Bitter Yam,Sri Lankan,Expensive,Tompkinsville,17:08,5 stars,false
202,Shasta County Arnica,Serbian,Cheap,Greenpoint,10:51,5 stars,true
203,Alaska Hawkweed,Albanian,Expensive,Huguenot,18:32,4 stars,false
204,Fancy Nightshade,Israeli,Medium,Bay Ridge,8:17,5 stars,true
205,Wormleaf Stonecrop,Jordanian,Medium,Harlem,1:36,4 stars,true
206,Plantainleaf Buttercup,Cuban,Medium,East Village,2:24,5 stars,false
207,Buckwheat,Uzbek,Expensive,East Harlem,5:02,3 stars,false
208,Bryocaulon Lichen,Thai,Medium,Spuyten Duyvil,23:27,4 stars,true
209,Laxflower,Turkmen,Medium,Morris Park,6:33,1 star,true
210,Napkinring,Egyptian,Expensive,Battery Park City,20:24,5 stars,false
211,Oriental Poppy,Japanese,Cheap,Grymes Hill,23:31,4 stars,false
212,Jeweled Bristle Fern,Turkish,Medium,Graniteville,0:04,5 stars,false
213,Arctic Tortella Moss,Polish,Cheap,Red Hook,11:19,5 stars,false
214,Cockleshell Lichen,Czech,Medium,Nolita,14:51,3 stars,false
215,Guadalupe Fescue,Armenian,Cheap,Inwood,8:07,1 star,false
216,West Indian Milkwort,Indian,Cheap,St. George,8:36,4 stars,true
217,Armand Pine,French,Cheap,Arrochar,20:16,2 stars,false
218,Firethread Sedge,Hawaiian,Medium,Gramercy,0:00,2 stars,false
219,Sapota,Bangladeshi,Expensive,Mott Haven,5:32,5 stars,true
220,Santa Catalina Indian Paintbrush,Emirati,Medium,Soundview,7:44,1 star,true
221,Whitestem Frasera,Kazakh,Expensive,Briarwood,1:37,1 star,false
222,Woodland Bulrush,Moldovan,Medium,Stapleton,3:18,4 stars,true
223,Wild Bergamot,Belgian,Cheap,Morningside Heights,19:42,2 stars,true
224,Sudetic Lousewort,French,Medium,Washington Heights,0:09,5 stars,true
225,Colorado Feverfew,Iranian,Expensive,Bulls Head,21:03,4 stars,true
226,English Holly,Moldovan,Cheap,Little Italy,3:22,1 star,false
227,Chihuahuan Stickseed,Italian,Cheap,Greenpoint,18:00,1 star,true
228,Coastal Gilia,Estonian,Expensive,Spuyten Duyvil,2:12,5 stars,false
229,Yellow Monardella,Omani,Cheap,Battery Park City,8:00,4 stars,true
230,Arborvitae,Turkmen,Expensive,East Village,6:49,5 stars,false
231,Robust Suncup,Czech,Medium,Ridgewood,1:49,2 stars,true
232,Arboreal Leafystem Orchid,Croatian,Medium,Chelsea,14:12,2 stars,true
233,Camito De Perro,Hungarian,Medium,Clifton,20:07,2 stars,false
234,Beechfern,Mongolian,Expensive,Ridgewood,21:19,1 star,true
235,Arkansas Ironweed,Syrian,Expensive,Riverdale,21:31,1 star,true
236,Brazilwood,Sri Lankan,Expensive,East Harlem,9:00,4 stars,true
237,Fleshy Lupine,Scottish,Cheap,Jackson Heights,5:06,4 stars,false
238,Wheelscale Saltbush,Greek,Expensive,Inwood,7:53,4 stars,true
239,Thelopsis Lichen,Japanese,Cheap,Willowbrook,5:42,2 stars,true
240,Bory's Cup Lichen,Slovak,Medium,Little Italy,8:49,2 stars,false
241,Microcitrus,Irish,Medium,Bay Ridge,2:15,2 stars,false
242,Longleaf Fleabane,Greek,Medium,Rockaway Beach,2:25,1 star,false
243,Hobsonia Lichen,Thai,Medium,Port Richmond,10:00,2 stars,true
244,Earth Lichen,Cypriot,Expensive,Port Morris,8:44,1 star,false
245,Thelocarpon Lichen,Finnish,Cheap,Tompkinsville,18:24,3 stars,true
246,Bigflower Clover,Irish,Expensive,New Springville,0:52,4 stars,false
247,Wavyleaf Snakeherb,Swiss,Expensive,Bellerose,16:13,4 stars,true
248,Lassicus Lupine,Slovenian,Medium,Richmond Valley,12:38,5 stars,true
249,Phyllopsora Lichen,Tunisian,Cheap,Coney Island,12:34,2 stars,true
250,Stickpea,Chinese,Expensive,Douglaston,10:50,5 stars,true
251,Pseudocyphellaria Lichen,Azerbaijani,Medium,Morris Park,19:27,5 stars,false
252,Wax Tree,Omani,Cheap,Gramercy,5:13,4 stars,true
253,Bahama Brake,Greek,Cheap,Mariners Harbor,10:08,4 stars,true
254,Babassu,German,Expensive,Washington Heights,14:16,5 stars,true
255,Membraneous Felt Lichen,Bosnian,Cheap,Kingsbridge,16:06,3 stars,false
256,Mogollon Mountain Vetch,Norwegian,Medium,Castle Hill,17:05,2 stars,false
257,Azores Forget-me-not,Israeli,Medium,Bay Ridge,21:25,5 stars,true
258,Cup Lichen,Moldovan,Cheap,Hunts Point,15:47,1 star,true
259,Thickleaf Pepperweed,French,Expensive,Travis,4:38,1 star,false
260,Trujillo Coca,Kyrgyz,Expensive,Jamaica,6:19,1 star,false
261,Lonestar Four O'clock,Jordanian,Medium,St. George,4:45,3 stars,false
262,Waterplantain Buttercup,Bahraini,Cheap,St. George,12:18,5 stars,true
263,Leathery Grapefern,Swedish,Expensive,Great Kills,13:36,1 star,true
264,Mountain Lupine,Peruvian,Cheap,Douglaston,18:59,4 stars,true
265,Fineleaf Pondweed,Australian,Expensive,Prospect Heights,16:02,3 stars,false
266,Chinese Catalpa,Lebanese,Medium,Battery Park City,19:17,5 stars,true
267,Pine Hyacinth,Scottish,Medium,Huguenot,10:33,2 stars,true
268,Curved Woodrush,Turkmen,Cheap,Briarwood,15:40,2 stars,true
269,Hemlock Rosette Grass,Swiss,Cheap,NoHo,14:23,3 stars,true
270,Graham's Ticktrefoil,Danish,Cheap,Huguenot,18:44,1 star,true
271,Rim Lichen,Austrian,Medium,Astoria,8:38,4 stars,false
272,Beehive Cactus,Japanese,Expensive,Little Neck,5:33,4 stars,false
273,Northern Clarkia,Greek,Expensive,Rosebank,4:13,4 stars,false
274,Large Leather-root,Austrian,Expensive,Rosebank,22:02,5 stars,false
275,Florida Thatch Palm,Qatari,Expensive,SoHo,20:32,5 stars,true
276,Cup Lichen,Scottish,Cheap,Bayside,4:08,2 stars,true
277,Parsley,Danish,Expensive,Kingsbridge,17:40,2 stars,false
278,Godfrey's Stitchwort,Estonian,Medium,Chinatown,22:52,5 stars,false
279,Nuttall's Reedgrass,Chinese,Medium,Boerum Hill,22:47,2 stars,true
280,Virginia Chainfern,Georgian,Cheap,Long Island City,5:21,1 star,true
281,Cuban Raintree,Argentinian,Cheap,Whitestone,3:29,5 stars,true
282,Mignonette,Portuguese,Medium,DUMBO,2:38,3 stars,true
283,Carquinez Goldenbush,Argentinian,Expensive,Pelham Bay,5:13,2 stars,true
284,Sea Apple,Belgian,Medium,East Harlem,10:57,3 stars,false
285,Waianae Range Papala,Danish,Cheap,Marble Hill,19:48,5 stars,false
286,Goatsbeard,Brazilian,Medium,Morris Park,21:04,2 stars,false
287,Sugargum,Korean,Cheap,Boerum Hill,15:58,3 stars,true
288,Pumpwood,Moroccan,Cheap,DUMBO,10:03,1 star,false
289,Variableleaf Pondweed,Croatian,Cheap,Ridgewood,10:58,3 stars,false
290,Durango Tumblemustard,Kyrgyz,Cheap,Chelsea,12:52,5 stars,false
291,Hooded Coralroot,Moroccan,Cheap,Flushing,21:07,5 stars,true
292,Shiny Chickweed,Mexican,Medium,Bellerose,10:58,3 stars,true
293,Twolobe Larkspur,Hungarian,Medium,Jackson Heights,17:16,2 stars,true
294,Obtuseleaf Fissidens Moss,Bulgarian,Cheap,Hell's Kitchen,3:55,4 stars,false
295,Cliff Desertdandelion,Cypriot,Expensive,Sunset Park,8:45,3 stars,false
296,River Redgum,Latvian,Medium,Bulls Head,15:15,5 stars,true
297,Spreadingpod Rockcress,Turkish,Expensive,Spuyten Duyvil,6:04,1 star,true
298,Downy Phlox,Egyptian,Expensive,Briarwood,17:25,4 stars,true
299,Kerner's Dock,Latvian,Cheap,Bed-Stuy,0:53,2 stars,true
300,Thrombium Lichen,Austrian,Cheap,Battery Park City,10:28,2 stars,true
301,California Orange Lichen,Mediterranean,Cheap,Great Kills,8:34,2 stars,true
302,Dwarf Hackberry,Italian,Cheap,Hell's Kitchen,12:24,5 stars,true
303,Evergreen Violet,Tunisian,Expensive,Kew Gardens,18:34,2 stars,true
304,Ohio Orthotrichum Moss,Israeli,Medium,Throgs Neck,22:15,5 stars,false
305,Bigpod Ceanothus,Georgian,Medium,Coney Island,22:50,5 stars,true
306,Sandhill Oak,Korean,Medium,Tompkinsville,3:18,4 stars,true
307,Chlorophytum,Indian,Cheap,Hunts Point,13:28,3 stars,true
308,King's Lupine,Turkmen,Medium,Ridgewood,11:58,4 stars,false
309,Dot Lichen,Scottish,Medium,Harlem,16:14,3 stars,true
310,Wand Riverhemp,Slovenian,Cheap,Astoria,21:32,2 stars,false
311,Bald Bedstraw,Israeli,Expensive,Kew Gardens,11:53,3 stars,true
312,Calliergon Moss,German,Cheap,Prospect Heights,15:09,4 stars,true
313,Lloyd's Fishhook Cactus,Japanese,Expensive,Astoria,19:44,1 star,true
314,Wart Lichen,Bhutanese,Cheap,Little Italy,1:09,4 stars,false
315,Canary Island St. Johnswort,Turkish,Expensive,St. George,0:08,4 stars,true
316,Wright's Amaranth,Chinese,Medium,Tottenville,14:31,2 stars,false
317,Fivebract Chinchweed,Japanese,Medium,Riverdale,12:31,5 stars,true
318,Sharpleaf Twinpod,Scottish,Medium,Kew Gardens,12:11,1 star,true
319,Golden Hala Pepe,Estonian,Cheap,Greenpoint,0:05,5 stars,false
320,Bahama Nightshade,Latvian,Expensive,Whitestone,14:03,3 stars,false
321,Zion Milkvetch,Cypriot,Cheap,Little Italy,4:31,2 stars,true
322,Woodland Tribisee,Bosnian,Cheap,Nolita,21:30,4 stars,true
323,Burningbush,Scottish,Cheap,Tribeca,15:27,1 star,false
324,Lanceleaf Wild Licorice,Moldovan,Expensive,Richmond Valley,5:58,4 stars,false
325,Fragrant Beaksedge,Omani,Cheap,Port Richmond,12:17,5 stars,false
326,Lecidea Lichen,Czech,Cheap,Chelsea,15:35,5 stars,true
327,Sewer Vine,Cypriot,Cheap,Huguenot,14:38,1 star,true
328,Wart Lichen,Austrian,Medium,New Brighton,2:06,5 stars,false
329,Roseflower Stonecrop,Mongolian,Cheap,Todt Hill,22:22,4 stars,true
330,Cuckoo Flower,Moroccan,Medium,NoHo,22:13,5 stars,false
331,Royal Peacock Orchid,Sri Lankan,Cheap,Staten Island,22:48,4 stars,false
332,Freckled Milkvetch,Hungarian,Expensive,Clifton,9:40,5 stars,true
333,Panicum,Lebanese,Expensive,Mott Haven,18:32,1 star,false
334,Dichelyma Moss,Irish,Medium,Fort Greene,2:35,3 stars,true
335,Slender Woodland Sedge,German,Cheap,Todt Hill,23:17,5 stars,true
336,Cuban Nakedwood,Kuwaiti,Cheap,DUMBO,17:58,4 stars,false
337,Carruthers' Falseface,Omani,Expensive,Staten Island,0:27,4 stars,false
338,Wyman Creek Buckwheat,Moldovan,Cheap,Hunts Point,18:59,5 stars,false
339,Snowberry,Moldovan,Medium,Astoria,21:32,2 stars,false
340,Subalpine Mariposa Lily,Nepalese,Cheap,Woodlawn,21:35,1 star,true
341,Yellow Glandweed,Sri Lankan,Cheap,Chinatown,9:26,1 star,true
342,Hawthorn,Danish,Cheap,DUMBO,2:33,5 stars,false
343,Riverside Spineflower,Mongolian,Medium,Greenwich Village,9:43,2 stars,false
344,Lethariicola Lichen,Iranian,Medium,Briarwood,8:55,5 stars,false
345,Wright's False Mallow,Portuguese,Medium,Hell's Kitchen,10:40,5 stars,false
346,Dahurian Larch,Dutch,Cheap,St. George,4:08,1 star,false
347,Florida Cherry Palm,Kyrgyz,Cheap,Bellerose,9:28,3 stars,false
348,Hinahina,Pakistani,Cheap,East Village,8:21,4 stars,false
349,Hitchcock's Smooth Woodrush,Turkish,Medium,Bulls Head,12:17,2 stars,false
350,Arizona Spikemoss,Peruvian,Expensive,NoHo,18:29,3 stars,false
351,Tonella,Japanese,Cheap,Spuyten Duyvil,22:47,3 stars,false
352,Chaparral Bird's-foot Trefoil,Italian,Cheap,Throgs Neck,18:08,2 stars,true
353,Beach Pea,Czech,Cheap,Cobble Hill,9:28,4 stars,false
354,Nealley's Sprangletop,Iraqi,Medium,Stapleton,16:03,1 star,true
355,Round Notothylas,Romanian,Medium,Mott Haven,1:30,3 stars,true
356,Wormseed Wallflower,Romanian,Medium,Harlem,14:09,2 stars,false
357,Serpentine Monkeyflower,Cuban,Expensive,Bed-Stuy,0:29,3 stars,false
358,Spring Pheasant's Eye,Turkish,Cheap,Washington Heights,18:31,2 stars,false
359,Berlandier's Sundrops,Brazilian,Cheap,Bulls Head,7:50,4 stars,true
360,Dirinaria Lichen,Azerbaijani,Cheap,Fort Greene,3:01,3 stars,true
361,Featherbells,Vietnamese,Expensive,City Island,22:26,5 stars,false
362,Resindot Sunflower,Danish,Medium,East Harlem,21:13,2 stars,false
363,Longstalk Clover,Jordanian,Medium,Spuyten Duyvil,17:26,4 stars,false
364,Sweetclover,Norwegian,Cheap,Hell's Kitchen,5:23,4 stars,false
365,Pore Lichen,Israeli,Cheap,Hollis,11:50,1 star,false
366,Bonpland Willow,Indian,Cheap,New Brighton,20:10,1 star,false
367,Waterthyme,Italian,Medium,Kips Bay,19:13,4 stars,false
368,Mildred's Clarkia,Tunisian,Expensive,Bed-Stuy,20:13,1 star,true
369,Dicranella Moss,Russian,Medium,Mott Haven,12:32,5 stars,false
370,Spike Muhly,Italian,Medium,Soundview,7:13,3 stars,false
371,Toothed Latticevein Fern,Macedonian,Cheap,Midtown,5:55,4 stars,true
372,Brigalow Grass,Turkmen,Medium,Morningside Heights,10:16,1 star,false
373,Cercipo,Bangladeshi,Expensive,Kew Gardens,13:08,3 stars,true
374,Great Chickweed,Slovenian,Expensive,Woodside,20:56,5 stars,false
375,Sacramento Burbark,Chinese,Cheap,Murray Hill,9:32,4 stars,false
376,Bluestem Pricklypoppy,Kyrgyz,Expensive,Williamsburg,15:31,1 star,true
377,Scouler's Woollyweed,Georgian,Cheap,Lower East Side,3:32,2 stars,true
378,Late Purple Aster,Brazilian,Expensive,Sunnyside,17:54,3 stars,false
379,Wreath Lichen,Bulgarian,Cheap,Harlem,15:24,4 stars,true
380,Tuba Milkweed,Brazilian,Expensive,Kew Gardens,20:07,3 stars,false
381,Mirrorplant,Belgian,Cheap,Flushing,22:18,1 star,false
382,Orange Cotoneaster,Polish,Expensive,Todt Hill,15:28,3 stars,false
383,Harp Dandelion,Ethiopian,Medium,Great Kills,3:30,2 stars,false
384,Lotononis,Polish,Cheap,Staten Island,3:29,1 star,true
385,Elephantsfoot,Portuguese,Cheap,Financial District,20:19,5 stars,true
386,Splitleaf Gilia,Yemeni,Medium,Astoria,17:55,4 stars,true
387,Small-leaf False Cloak Fern,Afghan,Medium,Hell's Kitchen,15:42,4 stars,false
388,San Carlos Buckwheat,Sri Lankan,Medium,Murray Hill,16:06,5 stars,true
389,Malcolmia,Norwegian,Cheap,Little Neck,11:19,2 stars,false
390,Sinkwa Towelsponge,Danish,Cheap,Financial District,6:06,3 stars,true
391,Disc Lichen,Filipino,Expensive,Gramercy,17:19,3 stars,true
392,Green Snakewood,Tunisian,Medium,Bulls Head,23:18,3 stars,true
393,Relicina Lichen,Chinese,Expensive,Kingsbridge,12:14,5 stars,false
394,Mann's Cyanea,Syrian,Expensive,Greenwich Village,21:01,5 stars,false
395,White Sunnybell,Estonian,Medium,Mariners Harbor,3:30,4 stars,false
396,Carolina Rose,Serbian,Cheap,Todt Hill,1:21,5 stars,true
397,Alaska Mistmaiden,Turkish,Expensive,Morningside Heights,7:33,2 stars,false
398,San Joaquin Milkvetch,Pakistani,Cheap,St. George,10:15,2 stars,false
399,Heartleaf Nettle,Argentinian,Cheap,Morningside Heights,5:19,3 stars,false
400,Japanese Yellow Loosestrife,Saudi Arabian,Expensive,Hell's Kitchen,23:33,1 star,false
401,Adobe Lily,Italian,Medium,City Island,18:12,2 stars,true
402,Virginia Marsh St. Johnswort,French,Medium,Bushwick,13:44,4 stars,true
403,Antenoron,Mongolian,Expensive,Spuyten Duyvil,23:13,1 star,false
404,Kikuyugrass,Belgian,Expensive,Bellerose,20:34,2 stars,true
405,White Pine Skullcap,Bangladeshi,Cheap,Graniteville,12:55,2 stars,true
406,Broom Teatree,Greek,Cheap,Park Slope,0:47,2 stars,true
407,Angel's-wings,Danish,Expensive,Richmond Valley,20:07,4 stars,true
408,Tall Thoroughwort,Jordanian,Medium,Bed-Stuy,5:10,3 stars,false
409,Bornean Ironwood,Sri Lankan,Cheap,Fort Greene,14:11,3 stars,false
410,Hairy Goldenrod,Cypriot,Cheap,Bayside,15:31,3 stars,false
411,Alpine Groundsel,Korean,Cheap,Woodlawn,12:00,4 stars,false
412,Jewish Plum,Swedish,Expensive,Hunts Point,21:23,1 star,true
413,Haussknecht's Atrichum Moss,Cuban,Expensive,Hollis,23:25,3 stars,true
414,Harvey's Beaksedge,Vietnamese,Medium,Sunset Park,0:15,5 stars,true
415,Branching Phacelia,Russian,Expensive,Prospect Heights,19:17,4 stars,false
416,Snow Cinquefoil,Yemeni,Expensive,Riverdale,16:44,5 stars,false
417,Oncophorus Moss,Albanian,Expensive,Jackson Heights,23:13,3 stars,false
418,Pale Wallowa Indian Paintbrush,Swedish,Medium,Hollis,11:24,5 stars,false
419,Goldenrod,Hungarian,Cheap,Harlem,7:54,4 stars,true
420,Kiss Me Quick,Polish,Medium,Red Hook,19:29,4 stars,true
421,Siberian Springbeauty,Tajik,Expensive,Great Kills,4:10,2 stars,true
422,American Strigula Lichen,Austrian,Medium,Financial District,11:57,5 stars,false
423,Whitetip Clover,Japanese,Cheap,Woodlawn,11:13,1 star,true
424,Aleutian Avens,Armenian,Cheap,Marble Hill,6:07,5 stars,false
425,Tetrapterys,Ukrainian,Cheap,Park Slope,14:09,4 stars,true
426,Chalk Dudleya,Yemeni,Expensive,Castle Hill,1:25,1 star,true
427,Lacy Tansyaster,Chinese,Cheap,Astoria,11:11,3 stars,false
428,Yam,Georgian,Cheap,Yorkville,0:27,3 stars,false
429,Cadillo Anaranjado,Danish,Expensive,Rosebank,8:03,2 stars,true
430,Pacific Brome,Iranian,Expensive,Staten Island,9:22,2 stars,true
431,Hairy Cornsalad,Serbian,Cheap,Astoria,15:26,5 stars,false
432,Leechleaf Delissea,Swiss,Medium,Stapleton,11:38,2 stars,true
433,Pygmy Pussypaws,Yemeni,Medium,Port Morris,0:28,2 stars,true
434,Bitterbrush,Nepalese,Medium,Little Neck,0:37,3 stars,false
435,Annual Honesty,Azerbaijani,Expensive,Mariners Harbor,3:03,1 star,true
436,Mt. Atlas Mastic Tree,Thai,Expensive,Gramercy,21:57,2 stars,true
437,Alkali Centaury,Moldovan,Cheap,East Harlem,10:41,1 star,false
438,Gypsum Threeawn,Lebanese,Cheap,Riverdale,18:09,2 stars,true
439,Roundleaf Sundew,Syrian,Cheap,Midtown,3:45,5 stars,false
440,Peltophorum,Iraqi,Expensive,Upper East Side,18:42,5 stars,false
441,Toothpetal Bog Orchid,Vietnamese,Cheap,Lower East Side,19:16,2 stars,false
442,Adoxa,Bulgarian,Expensive,Nolita,10:32,2 stars,true
443,Alaska Bluegrass,Jordanian,Expensive,Ridgewood,16:51,3 stars,false
444,Feather Fingergrass,Afghan,Cheap,Bulls Head,5:44,3 stars,false
445,Florida Clover Ash,Afghan,Medium,Soundview,6:12,5 stars,true
446,Malpighia,Turkmen,Expensive,Nolita,16:39,3 stars,true
447,Toothed Spiderflower,Moldovan,Medium,Red Hook,19:50,4 stars,false
448,Long-stolon Sedge,Qatari,Cheap,Gramercy,7:56,5 stars,true
449,American Eelgrass,Bhutanese,Cheap,Port Richmond,20:24,1 star,false
450,Gowen Cypress,Egyptian,Expensive,Lower East Side,18:52,3 stars,true
451,Black Horehound,Bulgarian,Expensive,Woodside,11:16,5 stars,true
452,Jurupa Hills Suncup,Filipino,Cheap,Crown Heights,8:19,3 stars,false
453,Thicket Bean,Dutch,Cheap,Stapleton,21:27,1 star,false
454,Skult's Shield Lichen,Moldovan,Cheap,Stapleton,9:45,1 star,false
455,Plains Reedgrass,Montenegrin,Medium,Park Slope,23:09,3 stars,true
456,Virginia Whitehair Leather Flower,Romanian,Cheap,Crown Heights,23:02,2 stars,true
457,Smartweed Dodder,Bangladeshi,Expensive,City Island,23:07,5 stars,false
458,Spreading Beaksedge,Greek,Cheap,Bed-Stuy,21:44,4 stars,false
459,Redstar,Scottish,Medium,Morningside Heights,19:20,5 stars,true
460,Devil's-claw,Jamaican,Expensive,DUMBO,20:23,5 stars,false
461,Virginia Winged Rockcress,Hungarian,Expensive,Mott Haven,18:13,3 stars,false
462,Houndstongue Hawkweed,Tunisian,Expensive,Throgs Neck,15:42,2 stars,false
463,Camptotheca,Bosnian,Medium,Carroll Gardens,0:48,1 star,true
464,Spiritweed,Bulgarian,Expensive,Staten Island,22:17,5 stars,false
465,Double Coconut,Finnish,Expensive,Kips Bay,5:54,5 stars,false
466,Pseudocalliergon Moss,Indian,Expensive,Morris Park,22:24,2 stars,true
467,Cuyamaca Rockcress,Turkmen,Expensive,Murray Hill,20:58,1 star,false
468,Crabgrass,Bahraini,Cheap,Sunnyside,7:28,5 stars,true
469,European Waterclover,Bahraini,Expensive,Mariners Harbor,8:31,5 stars,false
470,Bastardcedar,Czech,Expensive,Willowbrook,4:14,1 star,true
471,Soapbush,Danish,Expensive,New Springville,7:46,2 stars,false
472,Glacial Kiaeria Moss,Albanian,Expensive,Flushing,19:39,5 stars,false
473,Britton's Spikerush,Egyptian,Cheap,Little Neck,0:16,5 stars,true
474,Melia,Ethiopian,Expensive,Upper East Side,18:38,4 stars,false
475,Needle Lichen,Kuwaiti,Expensive,Crown Heights,18:01,5 stars,false
476,Scarlet Four O'clock,Saudi Arabian,Expensive,Castle Hill,17:54,1 star,true
477,Fremont's Baby Blue Eyes,Moldovan,Expensive,Hell's Kitchen,10:38,2 stars,true
478,Hairy Lespedeza,Kazakh,Cheap,Staten Island,3:03,3 stars,false
479,Citrange,Montenegrin,Expensive,SoHo,7:29,2 stars,true
480,Limestone Senna,Slovak,Medium,Kingsbridge,19:34,1 star,true
481,Map Lichen,Romanian,Cheap,Prospect Heights,8:24,4 stars,false
482,African Cornflag,Cuban,Cheap,Little Italy,22:44,1 star,true
483,Sandspurry,Tajik,Expensive,Queens Village,16:28,3 stars,true
484,Purple Crowberry,Turkish,Cheap,Little Italy,3:38,5 stars,true
485,Ohio Buckeye,Tajik,Expensive,Richmond Valley,3:23,2 stars,true
486,Lemmon's Ceanothus,Uzbek,Medium,Nolita,21:46,1 star,true
487,Red Moneywort,Hungarian,Expensive,Rockaway Beach,18:04,4 stars,false
488,Siala,Iranian,Expensive,Carroll Gardens,11:47,3 stars,false
489,Filmy Angelica,Belarusian,Expensive,Upper East Side,3:00,2 stars,true
490,Flavoparmelia Lichen,Macedonian,Expensive,Briarwood,15:08,4 stars,false
491,Western White Clematis,Cypriot,Expensive,Hollis,6:26,2 stars,false
492,Colusa Cryptantha,Czech,Medium,Mott Haven,11:13,1 star,true
493,Brandegee's Clarkia,Bosnian,Medium,City Island,15:03,2 stars,false
494,Hoary Milkpea,Montenegrin,Expensive,Riverdale,7:00,2 stars,false
495,Jamaican Goldback Fern,Bhutanese,Medium,Marble Hill,14:34,5 stars,false
496,Cassia,French,Cheap,Morris Park,8:09,4 stars,true
497,Ethiopian Nightshade,Egyptian,Medium,Morris Park,1:52,4 stars,false
498,Codiaeum,Belarusian,Medium,Great Kills,6:14,4 stars,true
499,Calder's Rockcress,Brazilian,Expensive,Marble Hill,1:55,1 star,false
500,Scurfymallow,Kazakh,Cheap,Sunnyside,10:52,3 stars,false
501,Slimstem Reedgrass,Moroccan,Medium,Graniteville,17:02,4 stars,true
502,Pacific Wildrye,Iraqi,Cheap,Coney Island,15:08,3 stars,true
503,Tube Lichen,Kyrgyz,Medium,Cobble Hill,20:07,1 star,true
504,Tapertip Flatsedge,Azerbaijani,Medium,Riverdale,0:58,5 stars,false
505,Tuckerman's Earth Lichen,Thai,Expensive,Spuyten Duyvil,14:26,5 stars,true
506,Pendent Silver Linden,Cuban,Cheap,Clifton,4:30,1 star,true
507,Waianae Range Pritchardia,Austrian,Expensive,Arrochar,19:59,2 stars,true
508,Spring Mountain Aster,French,Medium,Douglaston,15:08,4 stars,false
509,Black Crowberry,Bahraini,Cheap,Prospect Heights,12:11,4 stars,true
510,Syrian-privet,Indian,Medium,Todt Hill,13:25,1 star,true
511,Nipple Beehive Cactus,Ethiopian,Cheap,Tompkinsville,19:11,4 stars,false
512,Cronquist's Woodyaster,Uzbek,Medium,Mott Haven,17:29,5 stars,false
513,Greene's Goldfields,Georgian,Medium,Carroll Gardens,4:01,5 stars,false
514,Slender Pinepink,Moroccan,Cheap,Little Neck,17:21,1 star,true
515,Red Sierra Onion,Chinese,Medium,Forest Hills,5:21,4 stars,true
516,Curtiss' Hoarypea,Czech,Expensive,Bulls Head,14:53,3 stars,true
517,Siberian Bugseed,Turkmen,Medium,Crown Heights,0:38,4 stars,true
518,Maga,Russian,Medium,Upper East Side,21:22,5 stars,true
519,Divaricate Navarretia,Hawaiian,Expensive,Douglaston,18:12,2 stars,false
520,Solander's Geranium,Montenegrin,Medium,Chelsea,8:06,3 stars,false
521,Sierra Wildrye,French,Cheap,Soundview,14:49,4 stars,true
522,Linear Cartilage Lichen,Australian,Medium,City Island,13:38,5 stars,true
523,Mt. Adams Lupine,Omani,Expensive,Midtown,18:38,3 stars,false
524,Slender Threadplant,Mexican,Expensive,Morningside Heights,8:42,4 stars,false
525,Boivin's Rockcress,Turkmen,Cheap,Throgs Neck,21:15,2 stars,true
526,Au,Scottish,Expensive,Cobble Hill,13:25,5 stars,true
527,Sand Buckwheat,Georgian,Cheap,Prospect Heights,21:59,5 stars,false
528,Swamp Morning-glory,Azerbaijani,Cheap,Rosebank,1:48,1 star,false
529,Arkansas Ironweed,Belgian,Cheap,NoHo,19:26,3 stars,false
530,Dixie Rosemallow,Bangladeshi,Expensive,Woodlawn,8:45,2 stars,false
531,Bejuco De Lira,Russian,Cheap,Jackson Heights,2:38,5 stars,true
532,Star Clover,Argentinian,Cheap,Morningside Heights,15:51,5 stars,false
533,Trapeliopsis Lichen,Bulgarian,Cheap,Arrochar,17:28,5 stars,false
534,Thicket Wild Coffee,Cypriot,Expensive,Tompkinsville,16:58,3 stars,false
535,San Gabriel Beardtongue,Norwegian,Expensive,DUMBO,23:09,2 stars,true
536,Don Quixote's Lace,Belarusian,Expensive,NoHo,15:01,4 stars,false
537,Smooth Joyweed,Serbian,Expensive,Great Kills,6:02,5 stars,true
538,Strict Blue-eyed Grass,Turkish,Medium,Riverdale,5:13,4 stars,true
539,Turner's Horseweed,Tajik,Medium,Hunts Point,20:12,4 stars,false
540,Spotted Water Hemlock,Thai,Cheap,Great Kills,18:46,3 stars,true
541,Eared Indian Plantain,Dutch,Medium,Bulls Head,8:14,5 stars,false
542,Goldenaster,Afghan,Expensive,Todt Hill,13:25,5 stars,false
543,Cedar Breaks Milkvetch,Lebanese,Cheap,Williamsburg,7:03,2 stars,true
544,Toothed Spurge,Portuguese,Expensive,Graniteville,9:46,3 stars,true
545,Tundra Alkaligrass,Serbian,Expensive,Pelham Bay,0:55,5 stars,true
546,Flowery Phlox,Indian,Cheap,Jamaica,7:29,4 stars,true
547,Sprucefir Fleabane,Thai,Cheap,Woodlawn,12:51,3 stars,true
548,Sticky Monkeyflower,Serbian,Cheap,Arrochar,8:37,1 star,false
549,Scattered Paspalum,Tajik,Cheap,City Island,16:12,3 stars,true
550,Disc Lichen,Swiss,Cheap,Woodlawn,18:41,2 stars,false
551,Golden Hala Pepe,Israeli,Expensive,Jamaica,15:50,5 stars,true
552,Common Leopardbane,Cuban,Medium,NoHo,16:55,3 stars,true
553,Santa Rosa Island Manzanita,Tajik,Medium,Throgs Neck,5:12,4 stars,true
554,Sargent's Catchfly,Croatian,Medium,St. George,14:04,4 stars,false
555,Basil Thyme,Indian,Cheap,Midtown,0:22,2 stars,false
556,Castorbean,French,Expensive,Queens Village,22:47,5 stars,true
557,Brittle Waternymph,Lithuanian,Expensive,Red Hook,8:15,5 stars,true
558,Primrose-willow,Swedish,Expensive,Little Italy,11:44,2 stars,false
559,Kauai Sandmat,Russian,Expensive,Ridgewood,8:14,1 star,true
560,Marigold Pepper,Filipino,Cheap,Willowbrook,22:01,4 stars,false
561,Thickleaf Ragwort,Austrian,Cheap,Bay Ridge,13:16,2 stars,true
562,Groutiella Moss,Lithuanian,Cheap,Great Kills,20:49,2 stars,false
563,Neomacounia Moss,Moldovan,Cheap,Bushwick,12:29,3 stars,false
564,Cumin,Dutch,Medium,Inwood,17:11,5 stars,false
565,Fringed Spineflower,Romanian,Medium,Greenwich Village,17:46,1 star,true
566,Groundcone,Jordanian,Expensive,Whitestone,0:47,3 stars,true
567,Russian Leafy Spurge,Kyrgyz,Cheap,Long Island City,23:33,2 stars,false
568,Disk Lichen,Jordanian,Medium,Throgs Neck,16:13,1 star,false
569,Hairy Balsamroot,Swedish,Medium,Port Morris,11:42,3 stars,false
570,Indian Headdress,Danish,Expensive,Long Island City,13:35,2 stars,false
571,Cracked Lichen,Afghan,Cheap,Astoria,15:36,5 stars,false
572,Peepul Tree,Omani,Cheap,Bed-Stuy,18:53,5 stars,true
573,Wild Coffee-bean,Hawaiian,Expensive,Tottenville,8:08,1 star,true
574,Sabaigrass,Montenegrin,Cheap,Staten Island,21:34,1 star,false
575,Puerto Rico Silver Palm,Serbian,Expensive,Rockaway Beach,6:36,5 stars,true
576,San Gabriel Linanthus,Indian,Cheap,Throgs Neck,20:48,4 stars,true
577,Mock Thelypody,Pakistani,Cheap,Annadale,8:50,1 star,false
578,La Panza Manzanita,Jordanian,Cheap,Morningside Heights,11:21,2 stars,false
579,Taique,Yemeni,Cheap,Bushwick,18:51,1 star,false
580,Venus' Pride,Moldovan,Expensive,NoHo,13:29,3 stars,false
581,California Pricklypear,Argentinian,Medium,St. George,9:06,1 star,true
582,Twining Snoutbean,Portuguese,Cheap,Carroll Gardens,22:43,4 stars,true
583,Creeping Buttercup,Jordanian,Expensive,Bed-Stuy,15:04,3 stars,false
584,Smallflower Bluecurls,Latvian,Medium,Coney Island,0:31,2 stars,true
585,Oblongleaf Orache,Tunisian,Cheap,Whitestone,0:09,2 stars,false
586,Water Wattle,Afghan,Expensive,Staten Island,1:21,1 star,true
587,Bristly Flatsedge,Russian,Expensive,Boerum Hill,13:02,5 stars,false
588,Bluntleaf Hayscented Fern,Swedish,Expensive,Mott Haven,17:05,3 stars,false
589,Sudetic Lousewort,Moldovan,Medium,Financial District,1:50,1 star,true
590,Calcareous Porpidia Lichen,Japanese,Expensive,Jamaica,9:11,3 stars,true
591,Northern Orange Lichen,Hawaiian,Cheap,Fort Greene,3:04,3 stars,false
592,Balsam Poplar,Maltese,Expensive,Staten Island,15:07,5 stars,true
593,Depauperate Fleabane,Moldovan,Expensive,Red Hook,20:23,1 star,true
594,Cranberry Cotoneaster,Egyptian,Cheap,Bushwick,7:41,4 stars,false
595,Leafy Pondweed,Austrian,Medium,Briarwood,8:58,1 star,true
596,Tall Buckwheat,Turkmen,Expensive,Stapleton,12:39,5 stars,false
597,Porter's Desmatodon Moss,South African,Cheap,Little Italy,0:44,5 stars,false
598,Woodland Ragwort,Nepalese,Cheap,Jackson Heights,1:50,3 stars,false
599,Spring Pygmycudweed,Ukrainian,Cheap,Staten Island,0:48,3 stars,true
600,Keahi,Ukrainian,Cheap,Crown Heights,13:48,4 stars,true
601,Nelson's Sedge,Estonian,Expensive,Graniteville,20:00,1 star,true
602,Rubber Rabbitbrush,Kyrgyz,Expensive,Annadale,18:57,2 stars,true
603,Dog's-tongue,Estonian,Expensive,Clifton,18:53,4 stars,false
604,Texan Horsenettle,Thai,Expensive,Cobble Hill,10:49,4 stars,true
605,Polymeridium Lichen,Moldovan,Medium,Richmond Valley,21:45,3 stars,true
606,Goatgrass,Hungarian,Expensive,St. George,1:02,4 stars,false
607,Garrett's Florida Pineland Spurge,Hawaiian,Expensive,Boerum Hill,16:53,4 stars,false
608,Fiddleleaf,Macedonian,Medium,East Village,10:30,4 stars,true
609,Ravenel's Fissidens Moss,Ethiopian,Medium,Park Slope,2:28,1 star,false
610,Hairy Cyanea,Qatari,Cheap,Sunset Park,8:35,2 stars,false
611,Smallhead Doll's Daisy,Polish,Medium,Woodside,16:20,1 star,false
612,Italian Ryegrass,Azerbaijani,Medium,Jamaica,6:51,2 stars,false
613,Roseroot Stonecrop,Iraqi,Cheap,New Brighton,5:40,3 stars,false
614,Hartweg's Fleabane,Greek,Expensive,Marble Hill,3:00,1 star,true
615,Catawba Rosebay,Finnish,Cheap,Soundview,11:52,2 stars,false
616,Milk Kelloggia,Tajik,Medium,Bed-Stuy,17:59,5 stars,true
617,Malaysian Persimmon,Nepalese,Cheap,Castle Hill,22:53,3 stars,false
618,Convoluted Barbula Moss,Turkmen,Cheap,Sunnyside,14:14,2 stars,false
619,Bur Pincushionplant,Portuguese,Expensive,Little Neck,19:53,3 stars,true
620,Telegraph-plant,Belarusian,Expensive,Midtown,20:33,5 stars,false
621,Dotted Orchid,Israeli,Medium,Upper East Side,21:27,1 star,false
622,Blue Orchid,Cuban,Medium,St. George,22:27,3 stars,false
623,Asiatic Witchweed,Moldovan,Expensive,Gowanus,11:41,3 stars,true
624,Conotrema Lichen,South African,Expensive,Murray Hill,4:47,2 stars,true
625,Tehachapi Woollystar,Mongolian,Expensive,Upper East Side,15:08,5 stars,false
626,Foldedleaf Grass,Greek,Medium,Great Kills,21:46,4 stars,true
627,Florida Amaranth,Bhutanese,Medium,Whitestone,0:30,3 stars,false
628,Longleaf Wormwood,Turkmen,Cheap,Mariners Harbor,6:14,2 stars,true
629,Utah Swallow-wort,Armenian,Cheap,Annadale,17:28,3 stars,false
630,Dwarf Mountain Ragwort,Dutch,Cheap,Riverdale,11:21,2 stars,false
631,Pale Serviceberry,Kyrgyz,Cheap,Nolita,7:13,5 stars,true
632,Serrate Ephemerum Moss,Tajik,Expensive,Murray Hill,17:12,2 stars,false
633,Narrowleaf Cottonwood,Azerbaijani,Expensive,City Island,12:01,5 stars,false
634,Fissidens Moss,Bulgarian,Expensive,Bay Ridge,8:45,4 stars,true
635,Oklahoma Blackberry,Tunisian,Expensive,Ridgewood,20:10,5 stars,true
636,Grand Snow Lichen,Croatian,Expensive,New Brighton,17:13,4 stars,false
637,Small Matweed,Mongolian,Expensive,Rockaway Beach,10:03,1 star,true
638,St. Augustine Grass,Turkish,Expensive,Park Slope,7:49,5 stars,false
639,Mountain Camellia,Jordanian,Cheap,Nolita,19:53,3 stars,true
640,Joewood,Norwegian,Cheap,New Brighton,6:14,4 stars,true
641,Texas Indian Paintbrush,Russian,Cheap,St. George,11:23,4 stars,false
642,Thelidium Lichen,Finnish,Medium,New Springville,4:54,2 stars,false
643,Woodrose,Korean,Expensive,Financial District,22:55,4 stars,false
644,Border Pricklypear,Finnish,Medium,Bay Ridge,15:38,5 stars,true
645,Rough Popcornflower,Azerbaijani,Cheap,Coney Island,2:36,5 stars,false
646,Seven River Hills Buckwheat,Jordanian,Cheap,Financial District,14:06,4 stars,true
647,Keyflower,Moroccan,Cheap,Travis,18:01,1 star,true
648,Kellogg's Yampah,Bulgarian,Medium,DUMBO,15:06,2 stars,false
649,Wilson's Maidenhair,Dutch,Expensive,Woodlawn,0:39,1 star,false
650,Tamujo,Brazilian,Medium,Eltingville,4:01,4 stars,false
651,Eared Hedgemustard,Turkish,Cheap,Soundview,23:33,4 stars,false
652,Common Hackberry,Irish,Expensive,Eltingville,3:15,2 stars,false
653,Island Manzanita,Israeli,Medium,Hell's Kitchen,3:59,1 star,false
654,Australian Millet,Czech,Medium,Ridgewood,7:22,3 stars,false
655,Narrowleaf Laphamia,Qatari,Cheap,Queens Village,12:56,5 stars,true
656,Bering Dwarf-primrose,Tajik,Medium,Todt Hill,22:37,4 stars,true
657,Peach Palm,Moroccan,Expensive,Mariners Harbor,17:12,5 stars,false
658,Britton's Shadow Witch,Dutch,Medium,Morningside Heights,12:50,4 stars,true
659,Pyrethum Daisy,Danish,Expensive,Travis,17:27,1 star,false
660,Douglas-fir Dwarf Mistletoe,Maltese,Cheap,Spuyten Duyvil,1:24,2 stars,false
661,Creamcups,German,Medium,Arrochar,20:31,2 stars,true
662,Dwarf Sand Verbena,Belgian,Medium,Bayside,9:17,5 stars,false
663,White Sagebrush,Qatari,Expensive,Rockaway Beach,22:23,5 stars,false
664,Hawai'i Twinsorus Fern,Russian,Medium,Throgs Neck,11:53,3 stars,false
665,Liverseed Grass,Finnish,Expensive,Kew Gardens,5:01,5 stars,false
666,Engelmann's Knotweed,Egyptian,Cheap,Kew Gardens,23:45,5 stars,false
667,Heim's Desmatodon Moss,Turkmen,Medium,Battery Park City,5:53,2 stars,false
668,Carolina Woollywhite,Vietnamese,Cheap,Inwood,8:42,1 star,false
669,Western Snakeroot,Moroccan,Cheap,Carroll Gardens,13:24,3 stars,true
670,Dot Lichen,Mongolian,Medium,Riverdale,13:10,5 stars,true
671,Ravenel's Pipewort,Polish,Medium,Sunnyside,18:04,2 stars,false
672,Cusp Blazing Star,Moldovan,Cheap,Carroll Gardens,17:35,3 stars,false
673,Knoke's Biscuitroot,Mongolian,Cheap,Marble Hill,12:22,1 star,false
674,Curly Wallflower,German,Expensive,Forest Hills,12:19,5 stars,true
675,Dragontree,Czech,Medium,St. George,20:28,5 stars,true
676,Trans-pecos Thimblehead,Greek,Medium,Sunset Park,20:24,3 stars,true
677,Funnel Lily,Serbian,Medium,Pelham Bay,2:02,1 star,false
678,Bridle Buckwheat,Montenegrin,Cheap,Greenwich Village,19:13,1 star,true
679,Whorled Rosinweed,Iraqi,Medium,East Village,22:48,5 stars,false
680,Limestone Hedgehyssop,Austrian,Medium,Morris Park,13:02,4 stars,false
681,Stiffstem Flax,Hungarian,Medium,East Village,21:56,5 stars,false
682,Toughleaf Iris,Polish,Cheap,Greenpoint,7:54,3 stars,false
683,Marsh Grass Of Parnassus,Filipino,Medium,Castle Hill,17:20,1 star,true
684,Anelsonia,Macedonian,Medium,City Island,10:33,2 stars,false
685,Largeleaf Wild Indigo,Estonian,Expensive,Coney Island,20:28,3 stars,true
686,Coastal Sedge,Dutch,Expensive,Little Italy,19:05,3 stars,false
687,Hypotrachyna Lichen,Turkish,Expensive,Hollis,22:58,1 star,false
688,Siltbush,Indian,Medium,Nolita,23:26,1 star,true
689,Sunnyside Frasera,Czech,Cheap,Gramercy,22:48,5 stars,true
690,Beardlip Penstemon,Maltese,Cheap,Staten Island,16:35,1 star,true
691,Bigelow's Nolina,Dutch,Cheap,Bellerose,16:31,5 stars,false
692,Serpentine Wood,Armenian,Medium,Boerum Hill,2:01,4 stars,true
693,Nalta Jute,Swedish,Expensive,Bed-Stuy,6:32,5 stars,false
694,Trelease's Draba,Macedonian,Cheap,New Brighton,9:34,3 stars,true
695,Oregon Currant,Ethiopian,Medium,Grymes Hill,5:08,3 stars,false
696,Dwarf Clover,Mediterranean,Expensive,Whitestone,16:03,4 stars,true
697,Chamaedorea,Czech,Cheap,Battery Park City,16:50,4 stars,false
698,Maui Reedgrass,Iranian,Medium,Stapleton,2:13,2 stars,false
699,Sulphur Lupine,Azerbaijani,Cheap,Huguenot,7:47,2 stars,false
700,Trophis,Jamaican,Expensive,Morningside Heights,4:45,2 stars,false
701,False Indian Plantain,Dutch,Expensive,Kips Bay,22:13,3 stars,true
702,Mielichhofer's Copper Moss,Chinese,Medium,Prospect Heights,18:23,2 stars,true
703,Showy Tonguefern,Irish,Cheap,Huguenot,19:34,2 stars,false
704,Cup Lichen,Belgian,Medium,Grymes Hill,11:38,1 star,false
705,Thinleaf False Brome,Moroccan,Cheap,Bay Ridge,1:52,4 stars,true
706,Fishscale Lichen,Pakistani,Cheap,Carroll Gardens,19:24,3 stars,true
707,Cutleaf Stork's Bill,Nepalese,Expensive,Mariners Harbor,13:23,3 stars,true
708,Alaska Knotweed,Qatari,Medium,Park Slope,0:49,1 star,false
709,Mexican Alvaradoa,Bhutanese,Expensive,St. George,10:39,1 star,true
710,Cucubano De Monte,Iranian,Medium,Inwood,10:39,5 stars,false
711,Polycoccum Lichen,Serbian,Expensive,Morris Park,16:46,2 stars,false
712,Japanese Raspberry,Turkish,Medium,Ridgewood,19:29,1 star,true
713,Rim Lichen,Egyptian,Cheap,Astoria,18:38,1 star,false
714,Thicket Tribisee,Argentinian,Cheap,DUMBO,4:08,2 stars,true
715,Little Kern Milkvetch,Slovak,Expensive,Williamsburg,8:18,5 stars,true
716,Turniproot,Macedonian,Medium,SoHo,13:11,3 stars,true
717,Dendroalsia Moss,Serbian,Medium,Murray Hill,1:39,4 stars,true
718,Silver Draba,Bulgarian,Expensive,Little Neck,7:45,3 stars,true
719,Iron River Dewberry,Afghan,Medium,Battery Park City,4:29,4 stars,false
720,Fremont Cottonwood,Serbian,Expensive,Boerum Hill,1:16,1 star,false
721,Arizona Mule-ears,Indian,Cheap,Inwood,8:14,5 stars,true
722,Tropical Signalgrass,Hungarian,Cheap,Willowbrook,2:25,2 stars,false
723,Annona,Lithuanian,Expensive,Bushwick,19:56,2 stars,true
724,Woodbury's Stopper,Ukrainian,Cheap,Prospect Heights,23:03,2 stars,true
725,Gladiolus,Finnish,Cheap,East Harlem,11:18,5 stars,true
726,Round-head Clover,Ethiopian,Expensive,Port Richmond,20:24,3 stars,false
727,Groundcover Milkvetch,Slovenian,Cheap,Bulls Head,23:11,4 stars,true
728,Canyon Bird's-foot Trefoil,Uzbek,Expensive,Queens Village,12:56,5 stars,true
729,Parasol Whitetop,Macedonian,Cheap,Todt Hill,19:20,2 stars,true
730,Gum Bully,Bahraini,Medium,DUMBO,18:31,2 stars,true
731,Peganum,Hawaiian,Medium,Nolita,8:24,3 stars,false
732,Eastern Marsh Fern,Jamaican,Cheap,Spuyten Duyvil,14:58,1 star,true
733,Datura,Danish,Expensive,Hell's Kitchen,21:20,5 stars,false
734,Bullatina Lichen,Czech,Expensive,Cobble Hill,11:50,4 stars,true
735,Anglestem Beaksedge,Emirati,Cheap,Morningside Heights,0:34,2 stars,false
736,Sand Verbena,Brazilian,Cheap,Little Italy,7:36,3 stars,true
737,Desert Agave,Finnish,Medium,Woodlawn,21:29,4 stars,false
738,Glacier Buttercup,Hungarian,Cheap,Morris Park,10:13,3 stars,true
739,Small's Jointweed,Iranian,Medium,SoHo,23:40,4 stars,false
740,Vente Conmigo,Moroccan,Medium,Willowbrook,10:26,5 stars,true
741,Plantainleaf Buttercup,Mediterranean,Expensive,Cobble Hill,10:12,4 stars,false
742,Willowherb,Polish,Expensive,SoHo,8:45,2 stars,false
743,Santa Rosa Basalt Brodiaea,Kazakh,Cheap,Great Kills,9:25,1 star,false
744,Fancy Nightshade,Emirati,Medium,Rosebank,16:47,4 stars,true
745,Ouabain,Thai,Expensive,Little Neck,7:34,5 stars,true
746,Tufted Airplant,Iranian,Cheap,Port Richmond,5:44,4 stars,false
747,Afghan Erysimum,Kazakh,Medium,Boerum Hill,7:58,3 stars,false
748,Trans-pecos Cliffbrake,Thai,Cheap,Rosebank,22:43,5 stars,true
749,Heartleaf Twistflower,Peruvian,Medium,Williamsburg,8:18,1 star,false
750,Emory's Rockdaisy,Iranian,Medium,Long Island City,1:10,1 star,false
751,Chinaberrytree,Jordanian,Expensive,Sunset Park,10:55,2 stars,false
752,Florida Adder's-mouth Orchid,Maltese,Expensive,Astoria,13:04,5 stars,true
753,Lapalapa,Macedonian,Cheap,Spuyten Duyvil,20:33,3 stars,true
754,Pyrenopsis Lichen,Dutch,Expensive,Kips Bay,20:55,1 star,false
755,Roadside Blue-eyed Grass,Bangladeshi,Expensive,Morris Park,5:36,2 stars,false
756,Newberry's Milkvetch,Belgian,Expensive,Little Neck,21:36,1 star,false
757,White Alling,Moldovan,Cheap,Rosebank,14:11,4 stars,true
758,Alabama Larkspur,Austrian,Expensive,Gramercy,23:46,5 stars,true
759,Kingman's Dotted Lichen,Chinese,Cheap,Midtown,1:49,1 star,false
760,Buryseed Umbrellagrass,Ukrainian,Cheap,Greenpoint,15:43,4 stars,true
761,Eastern Yampah,Ethiopian,Expensive,Queens Village,10:07,3 stars,true
762,False Sun-rose,Korean,Cheap,Spuyten Duyvil,5:31,3 stars,false
763,Fort Bowie Prairie Clover,Australian,Expensive,Pelham Bay,5:05,2 stars,true
764,Calamondin,Lebanese,Cheap,Queens Village,13:50,1 star,false
765,Nelson's Buttercup,Austrian,Cheap,Prospect Heights,12:18,3 stars,true
766,Edwards Plateau Yellow Stingbush,Georgian,Medium,Port Richmond,10:09,1 star,true
767,Dot Lichen,Macedonian,Expensive,Pelham Bay,7:09,4 stars,true
768,Truckee Rabbitbrush,Bangladeshi,Expensive,Chelsea,13:35,2 stars,false
769,Houndstongue Hawkweed,Tajik,Medium,Bellerose,15:49,5 stars,false
770,Longstalk Clover,Ukrainian,Expensive,Todt Hill,21:58,2 stars,true
771,Clasping Milkweed,Moldovan,Cheap,Hunts Point,11:01,1 star,true
772,Yellowband Iris,Cuban,Medium,New Springville,4:03,4 stars,true
773,Hawai'i Jeweled Orchid,Hungarian,Expensive,Bushwick,18:42,5 stars,true
774,Oregon Stonecrop,Portuguese,Medium,Douglaston,3:50,2 stars,true
775,Texas Snakecotton,Armenian,Expensive,Bay Ridge,3:24,5 stars,false
776,San Joaquin Milkvetch,Korean,Medium,Woodlawn,7:25,2 stars,true
777,Leafy Bulrush,Mexican,Expensive,Astoria,22:02,2 stars,true
778,Common Bladderwort,Romanian,Medium,Crown Heights,18:31,4 stars,false
779,Pale Agoseris,Bhutanese,Medium,Morningside Heights,11:48,1 star,false
780,Disc Lichen,Kazakh,Medium,Mariners Harbor,16:31,4 stars,false
781,Taxiphyllum Moss,Cypriot,Expensive,Flushing,16:17,4 stars,true
782,Golden Indian Paintbrush,Chinese,Cheap,Bayside,13:42,2 stars,false
783,Parmotrema Lichen,Czech,Expensive,Nolita,17:21,5 stars,true
784,Great Basin Lupine,Moldovan,Cheap,Travis,7:18,4 stars,false
785,Borrego Milkvetch,Moroccan,Expensive,Hell's Kitchen,19:27,3 stars,true
786,Peachleaf Bellflower,Serbian,Expensive,Cobble Hill,2:55,5 stars,true
787,Chinese Boxorange,Kyrgyz,Medium,Douglaston,12:36,2 stars,false
788,Cardinal Catchfly,Latvian,Medium,Hollis,15:08,5 stars,false
789,Hybrid Oak,Mexican,Expensive,Travis,20:07,4 stars,false
790,Machete,Peruvian,Cheap,Port Morris,13:37,5 stars,true
791,Weissia Moss,Qatari,Medium,Douglaston,4:58,1 star,false
792,Bent-foot Speedwell,Australian,Medium,NoHo,22:33,4 stars,false
793,Elegant Piperia,Brazilian,Cheap,East Village,2:10,5 stars,true
794,Blue Umbrella-sedge,Mexican,Medium,Staten Island,15:00,3 stars,false
795,Kohala Mountain Clermontia,Mexican,Medium,Riverdale,9:39,4 stars,false
796,Spike Lichen,Czech,Expensive,Arrochar,10:33,1 star,true
797,Sulphur-flower Buckwheat,Filipino,Cheap,Fort Greene,3:32,3 stars,true
798,Kaibab Agave,Turkish,Expensive,St. George,17:35,4 stars,true
799,Myrtlecroton,Moroccan,Medium,Willowbrook,4:11,2 stars,false
800,Cheiridopsis,Vietnamese,Medium,Jamaica,1:17,2 stars,false
801,Shore Aster,Azerbaijani,Cheap,Midtown,7:53,3 stars,true
802,Depauperate Milkvetch,Omani,Medium,Graniteville,5:39,4 stars,true
803,Parry's Rabbitbrush,Argentinian,Cheap,Inwood,8:13,3 stars,true
804,Broom Honeymyrtle,Greek,Expensive,Financial District,13:59,4 stars,false
805,Squareflower,Nepalese,Expensive,Tottenville,18:07,4 stars,true
806,Northern Singlespike Sedge,Egyptian,Cheap,Cobble Hill,3:48,1 star,true
807,Clokey's Fleabane,Ukrainian,Cheap,Bulls Head,14:54,2 stars,true
808,Carolina Horsenettle,Belarusian,Cheap,Spuyten Duyvil,17:21,3 stars,true
809,Polytrichum Moss,Yemeni,Cheap,Great Kills,22:41,4 stars,true
810,Wandflower,Romanian,Expensive,Kew Gardens,23:58,3 stars,true
811,Goodding's Tansyaster,Bulgarian,Expensive,Little Neck,20:32,2 stars,true
812,Pungent Brickellbush,Latvian,Cheap,Jackson Heights,21:06,1 star,false
813,Narrowleaf Grapefern,Bosnian,Medium,Yorkville,13:31,5 stars,false
814,Hapeman's Coolwort,Australian,Medium,Bellerose,18:34,5 stars,false
815,Dwarf Stickpea,Pakistani,Medium,Staten Island,22:25,2 stars,true
816,Johnston's Honeysuckle,Polish,Cheap,Spuyten Duyvil,6:54,2 stars,false
817,Prairie Sedge,Hungarian,Cheap,Staten Island,22:07,4 stars,false
818,Decumbent Spikerush,Egyptian,Cheap,Prospect Heights,1:50,5 stars,true
819,Bitter Panicgrass,Indian,Medium,Park Slope,9:50,3 stars,true
820,Rigid Indian Paintbrush,Danish,Cheap,Financial District,15:06,2 stars,true
821,Gaymallow,Turkmen,Medium,Kew Gardens,6:20,3 stars,true
822,Sand Heath,Jamaican,Expensive,Mott Haven,22:40,4 stars,true
823,Western Catchfly,Croatian,Cheap,Kips Bay,8:39,1 star,true
824,Desert Basindaisy,Yemeni,Cheap,Boerum Hill,4:37,2 stars,false
825,Spring Mountain Milkvetch,South African,Medium,Port Richmond,5:13,5 stars,false
826,Longleaf Phlox,Finnish,Expensive,Bayside,4:40,5 stars,true
827,Kidneyleaf Rosinweed,Bhutanese,Expensive,Mariners Harbor,4:49,2 stars,false
828,Roundleaf Snowberry,Montenegrin,Cheap,Annadale,16:51,5 stars,true
829,Pumice Alpinegold,Lithuanian,Cheap,Whitestone,7:07,5 stars,false
830,Ratapple,Filipino,Medium,Bushwick,20:30,3 stars,false
831,Texas Sleepydaisy,Portuguese,Medium,Little Neck,22:24,1 star,false
832,Annual Honesty,Austrian,Cheap,Battery Park City,15:58,2 stars,false
833,African Horned Cucumber,Armenian,Medium,DUMBO,18:53,4 stars,true
834,Fries' Pussytoes,Vietnamese,Cheap,Nolita,20:17,3 stars,false
835,Thread Lichen,French,Cheap,Eltingville,2:34,2 stars,true
836,West Indian Joyweed,Chinese,Cheap,New Springville,17:40,2 stars,true
837,Jacquinia,Emirati,Cheap,Todt Hill,6:55,1 star,false
838,Australian Flatsedge,Belarusian,Cheap,Park Slope,10:36,5 stars,false
839,Cyrtandra,Bangladeshi,Medium,Long Island City,11:31,4 stars,false
840,Desert Dodder,Austrian,Medium,Stapleton,13:06,4 stars,false
841,Shinyleaf Spirea,Bosnian,Cheap,St. George,10:06,3 stars,false
842,Keck's Beardtongue,Dutch,Cheap,Mariners Harbor,8:44,3 stars,false
843,Mountain Pepperweed,Cuban,Expensive,Washington Heights,21:02,3 stars,true
844,Rockyscree False Goldenaster,South African,Cheap,Cobble Hill,11:40,3 stars,false
845,Miniature Lupine,Chinese,Medium,Bellerose,3:21,3 stars,false
846,Stillman's Tickseed,Cypriot,Cheap,Ridgewood,18:11,4 stars,false
847,Hairy Lettuce,Estonian,Medium,Park Slope,16:11,1 star,true
848,Big Tarweed,Hungarian,Cheap,Long Island City,2:23,5 stars,true
849,Bayberry Willow,Qatari,Expensive,Mariners Harbor,4:08,3 stars,true
850,Broccoli,Azerbaijani,Medium,Midtown,22:11,5 stars,false
851,Mexican Clover,Chinese,Expensive,Great Kills,16:09,3 stars,true
852,Brewer's Rockcress,Filipino,Expensive,Bed-Stuy,1:05,3 stars,true
853,Cow Spring Milkvetch,Ukrainian,Cheap,Fort Greene,9:36,1 star,true
854,Livistona,Iranian,Expensive,Hollis,5:51,5 stars,true
855,Fremont's Chaffbush,Serbian,Expensive,Little Italy,10:37,4 stars,true
856,Eschweiler's Pyxine Lichen,Bangladeshi,Medium,Arrochar,21:09,2 stars,false
857,Shasta Lecania Lichen,Russian,Medium,Kingsbridge,17:15,3 stars,false
858,Lanai Panicgrass,Russian,Expensive,Tompkinsville,18:33,5 stars,true
859,Largeflowered Wintergreen,Filipino,Medium,Castle Hill,10:43,3 stars,true
860,Northern Catalpa,Slovak,Medium,Chinatown,19:05,2 stars,false
861,Woodland Passionflower,Swiss,Cheap,St. George,11:20,3 stars,true
862,Bejuco De Alambre,Hungarian,Cheap,Willowbrook,3:57,1 star,false
863,Sack Saltbush,Qatari,Cheap,Stapleton,19:25,3 stars,false
864,Na Pali Sandmat,Argentinian,Cheap,Woodlawn,17:56,4 stars,true
865,Dallas Hawthorn,Emirati,Expensive,Willowbrook,13:10,2 stars,false
866,Common Dandelion,Tajik,Cheap,Huguenot,2:52,2 stars,false
867,Dot Lichen,Iraqi,Cheap,City Island,5:28,4 stars,true
868,Bryum Moss,Albanian,Cheap,Douglaston,8:23,2 stars,true
869,Ulihi Phyllostegia,German,Medium,Woodlawn,8:16,1 star,false
870,Chilean Clover,Kazakh,Expensive,Kips Bay,18:47,3 stars,true
871,Short's Spreading Chervil,Norwegian,Medium,Gowanus,22:07,5 stars,true
872,Pleurocoronis,Cypriot,Medium,DUMBO,19:40,1 star,true
873,Duboisia,Sri Lankan,Cheap,Queens Village,20:54,5 stars,false
874,Fiddleleaf Fig,Ukrainian,Expensive,Annadale,20:39,5 stars,false
875,Koolau Gap Catchfly,Romanian,Expensive,Rosebank,4:21,2 stars,false
876,Littlewoman,Romanian,Expensive,Throgs Neck,21:24,2 stars,false
877,Obtuseleaf Fissidens Moss,Mexican,Medium,Spuyten Duyvil,4:05,2 stars,true
878,Canadian Serviceberry,Danish,Medium,Upper East Side,0:11,4 stars,false
879,Rose Gentian,Turkish,Medium,Bayside,21:15,3 stars,false
880,Indian Shot,Bahraini,Expensive,Hunts Point,19:09,4 stars,true
881,Maguire's Draba,Polish,Medium,Fort Greene,13:35,4 stars,false
882,Canadian Lousewort,Jordanian,Expensive,Murray Hill,1:09,5 stars,true
883,Clapperton's Parkia,Mediterranean,Cheap,Sunnyside,8:23,2 stars,true
884,Ballona Cinquefoil,Tajik,Medium,City Island,6:14,3 stars,true
885,California Sarcogyne Lichen,Russian,Expensive,Chinatown,1:43,4 stars,true
886,Blackmat Splashzone Moss,Lebanese,Cheap,Fort Greene,2:53,4 stars,true
887,Spring Forget-me-not,Vietnamese,Cheap,DUMBO,20:48,1 star,true
888,Demangeon's Phylliscum Lichen,Thai,Cheap,Yorkville,0:42,1 star,true
889,Saxifrage,Iranian,Medium,Chelsea,20:39,2 stars,false
890,Beardless Chinchweed,Tajik,Cheap,Bushwick,20:11,5 stars,false
891,Niruri,Japanese,Cheap,Marble Hill,19:45,4 stars,true
892,Shorthook Fishhook Cactus,Omani,Expensive,Port Richmond,16:35,2 stars,true
893,Widowsfrill,Hungarian,Cheap,Mariners Harbor,7:17,4 stars,true
894,Flowering Ash,Korean,Expensive,Hollis,13:00,4 stars,false
895,Dugway Buckwheat,Finnish,Cheap,Fort Greene,18:43,4 stars,true
896,Dicranodontium Moss,Cypriot,Expensive,Port Richmond,16:49,1 star,true
897,Spike Quillwort,Australian,Cheap,Inwood,3:21,4 stars,false
898,Boreal Phlox,Austrian,Expensive,Park Slope,18:04,5 stars,true
899,Yewleaf Dwarf Polypody,Yemeni,Cheap,Bulls Head,10:49,1 star,true
900,Dwarf Sand Verbena,Argentinian,Cheap,Bay Ridge,16:06,4 stars,false
901,Yellowstone Draba,Romanian,Expensive,Annadale,6:29,1 star,false
902,Cartilage Lichen,Bahraini,Expensive,Bayside,14:53,3 stars,false
903,Lanceleaf Wakerobin,Austrian,Expensive,Prospect Heights,2:52,4 stars,false
904,Anoectangium Moss,Croatian,Expensive,Eltingville,17:18,1 star,true
905,Freckled Milkvetch,Egyptian,Expensive,Long Island City,23:51,1 star,true
906,White Rosemallow,Tunisian,Expensive,Huguenot,0:36,3 stars,false
907,Texas Stork's Bill,Lithuanian,Medium,Coney Island,2:45,2 stars,true
908,Water Whorlgrass,Macedonian,Cheap,Arrochar,1:32,4 stars,true
909,Eastwood's Podistera,Swiss,Expensive,Jackson Heights,3:52,4 stars,false
910,Woodland Geranium,Austrian,Medium,Clifton,11:56,5 stars,true
911,Candletree,Swiss,Medium,City Island,9:44,5 stars,false
912,Caribbean Fingergrass,Kazakh,Medium,Marble Hill,17:15,2 stars,false
913,New Jersey Blueberry,Turkmen,Cheap,Carroll Gardens,4:18,3 stars,false
914,Philippine Evergreen,Georgian,Expensive,Tribeca,15:06,2 stars,false
915,Twistedstalk,Nepalese,Expensive,Mariners Harbor,6:13,4 stars,false
916,Calico Aster,Czech,Cheap,Battery Park City,6:21,2 stars,true
917,Cola,Iraqi,Medium,Greenwich Village,15:40,1 star,false
918,Serpentine Bittercress,South African,Expensive,Briarwood,7:53,5 stars,true
919,Rubber Rabbitbrush,Slovak,Medium,DUMBO,5:57,1 star,false
920,Branched Lagophylla,Bosnian,Cheap,Great Kills,18:46,1 star,true
921,Weeping Alkaligrass,Brazilian,Expensive,Lower East Side,11:54,2 stars,false
922,Wax Myrtle,Mongolian,Medium,Financial District,12:30,5 stars,true
923,Sprengel's Sedge,Turkmen,Medium,Grymes Hill,2:17,1 star,true
924,Field Burrweed,Scottish,Medium,Jamaica,23:36,1 star,true
925,Big Island Ma'oloa,Slovak,Expensive,Chinatown,1:57,1 star,true
926,Sorbaronia,Kyrgyz,Cheap,Todt Hill,21:19,1 star,true
927,Caterpillars,Turkish,Cheap,Gramercy,13:47,3 stars,false
928,Zigzag Spiderwort,Uzbek,Expensive,Morningside Heights,10:47,3 stars,false
929,Devil's Blacksnakeroot,Polish,Cheap,Long Island City,18:12,1 star,true
930,Blue Fieldmadder,Iranian,Medium,Arrochar,9:59,5 stars,false
931,Mexican Hedgenettle,Bulgarian,Expensive,Inwood,22:19,2 stars,true
932,Arrowhead Rattlebox,German,Expensive,Port Richmond,18:31,5 stars,false
933,Dittrichia,Yemeni,Medium,Marble Hill,21:55,5 stars,true
934,Nebraska Tansyaster,Montenegrin,Cheap,Washington Heights,22:09,1 star,false
935,Roughfruit Fairybells,Cuban,Medium,Kingsbridge,9:45,5 stars,false
936,Longflower Cryptantha,Czech,Expensive,Grymes Hill,3:46,2 stars,true
937,Sierra Lodgepole Pine,Turkish,Medium,Throgs Neck,12:07,4 stars,true
938,Koolau Range Labordia,Lebanese,Expensive,Grymes Hill,20:29,3 stars,true
939,Tree Cotton,Turkish,Expensive,Greenwich Village,7:29,2 stars,true
940,Graceful Fern,Slovenian,Medium,Rockaway Beach,21:13,1 star,true
941,Neem,Maltese,Expensive,Sunnyside,2:10,4 stars,true
942,Funck's Wart Lichen,Iranian,Medium,Grymes Hill,20:32,2 stars,true
943,Bog Dubautia,Hawaiian,Expensive,Chinatown,8:53,5 stars,false
944,Antilles Filmy Fern,Maltese,Expensive,East Harlem,13:24,2 stars,false
945,Platte River Milkvetch,Finnish,Cheap,Pelham Bay,17:44,4 stars,false
946,Catling's Avens,Turkish,Expensive,Throgs Neck,2:12,4 stars,false
947,Rukam,Yemeni,Expensive,Briarwood,14:45,3 stars,true
948,Peach,Saudi Arabian,Medium,Willowbrook,23:23,5 stars,true
949,Wallrocket,Turkish,Cheap,Whitestone,23:56,2 stars,false
950,Water Figwort,Mediterranean,Expensive,Port Richmond,19:32,1 star,false
951,Cycad,Thai,Expensive,Williamsburg,16:05,5 stars,false
952,Blindeyes,Romanian,Medium,Marble Hill,17:04,5 stars,false
953,Swinecress,Czech,Expensive,Chelsea,5:23,3 stars,false
954,Chaenothecopsis Lichen,Turkish,Cheap,Port Morris,3:49,2 stars,false
955,Chisos Mountain Brickellbush,Turkmen,Cheap,Bay Ridge,10:45,3 stars,false
956,Northwest Territory Sedge,Bosnian,Expensive,Queens Village,6:11,3 stars,true
957,Menker's Lupine,Dutch,Expensive,Financial District,18:40,2 stars,true
958,Wiegand's Sedge,Czech,Cheap,Chelsea,0:03,1 star,true
959,Didymodon Moss,Irish,Cheap,Washington Heights,11:55,3 stars,false
960,Hairy Forked Nailwort,Saudi Arabian,Expensive,Morningside Heights,3:34,1 star,true
961,Toddy Palm,Hungarian,Medium,Chinatown,21:10,5 stars,false
962,Crumia Moss,Armenian,Cheap,Travis,11:48,3 stars,true
963,Tripterocladium Moss,Cypriot,Expensive,St. George,10:49,1 star,false
964,Foothill Clover,Swiss,Medium,Fort Greene,15:06,1 star,false
965,Grassleaf Sedge,Danish,Cheap,Travis,0:29,5 stars,false
966,Laurel-leaf Snailseed,Macedonian,Cheap,Annadale,18:38,1 star,false
967,Hall's Bentgrass,Russian,Cheap,Grymes Hill,9:21,2 stars,false
968,Scented Blacktorch,Hungarian,Cheap,Marble Hill,11:45,3 stars,true
969,Waterbuttons,Uzbek,Expensive,Hunts Point,20:54,3 stars,false
970,Bullatina Lichen,South African,Expensive,Eltingville,18:34,2 stars,false
971,Heckard's Pepperweed,Maltese,Expensive,Boerum Hill,22:48,3 stars,true
972,Roving Sailor,Hawaiian,Medium,Woodside,5:59,2 stars,true
973,White False Gilyflower,Latvian,Expensive,Rockaway Beach,14:04,1 star,false
974,Pseudoleskeella Moss,Emirati,Cheap,Mariners Harbor,5:32,5 stars,true
975,Lanai False Lobelia,Uzbek,Cheap,Coney Island,22:08,4 stars,false
976,Villa Grove Tansymustard,Brazilian,Expensive,Flushing,18:25,2 stars,false
977,Coon's Tail,Irish,Medium,Port Morris,0:25,4 stars,true
978,Scotter's Tortula Moss,Moroccan,Medium,Whitestone,6:49,3 stars,false
979,Zion Indian Paintbrush,Bhutanese,Cheap,Clifton,15:13,4 stars,true
980,Western Dwarf Cliffbrake,Norwegian,Expensive,Boerum Hill,22:32,5 stars,false
981,New Mexico Beeblossom,Lithuanian,Medium,New Springville,17:24,3 stars,true
982,Yerba Neto Hoja De Cueva,Kyrgyz,Expensive,Castle Hill,20:08,5 stars,true
983,Roxburgh's Cassia,Vietnamese,Expensive,Park Slope,1:05,3 stars,false
984,West Indian Gherkin,Armenian,Medium,Harlem,11:54,1 star,false
985,Fleshyleaf Violet Orchid,Austrian,Medium,Kingsbridge,0:29,1 star,false
986,Spotted Hawkweed,Kyrgyz,Medium,Woodside,22:28,1 star,true
987,Texosporium Lichen,Turkish,Medium,Riverdale,23:18,3 stars,true
988,Smooth Phlox,Korean,Cheap,Huguenot,3:07,3 stars,true
989,Illinois Hawthorn,Czech,Cheap,Hollis,18:11,1 star,true
990,Java Grass,Turkmen,Expensive,NoHo,0:17,1 star,false
991,Southern Purple Pitcherplant,Armenian,Cheap,Bay Ridge,0:31,4 stars,true
992,Pohlia Moss,Swedish,Medium,Throgs Neck,21:24,1 star,true
993,Lecidea Lichen,Japanese,Cheap,Soundview,16:40,1 star,true
994,Pyrgillus Lichen,Irish,Cheap,Sunnyside,8:00,1 star,false
995,Cuckoo Pint,Afghan,Cheap,Annadale,14:21,2 stars,true
996,Carolina Phaeoceros,Moldovan,Cheap,Crown Heights,0:16,5 stars,true
997,Pointed Sandmat,Thai,Expensive,East Harlem,19:00,3 stars,true
998,Bluestar,Israeli,Medium,Flushing,2:56,2 stars,true
999,Scribble Lichen,Dutch,Cheap,Soundview,15:32,4 stars,true
1000,Texas Almond,German,Expensive,Rosebank,14:56,1 star,false
